model,model_id,domain,Kontrol_err,Kontrol_sd,Kontrol_n,Kontrol_R2_lat,Kontrol_R2_lon,Agregat_err,Agregat_sd,Agregat_n,Agregat_R2_lat,Agregat_R2_lon,Eksklusif_err,Eksklusif_n_negara,Eksklusif_R2_lat,Eksklusif_R2_lon,Individual_err,Individual_sd,Individual_n,Individual_R2_lat,Individual_R2_lon,Individual_alpha,Null_err,Null_sd,Static_err,Static_sd,D_alpha_balanced,C2_spearman_r,C3_R,C3_mean_dir_deg,C4_r_err_normerr,LW_n_layer_incl_emb,LW_agg_err_L0,LW_agg_best_layer,LW_agg_best_depth_pct,LW_agg_best_err,LW_agg_last_err_mean5seed,LW_agg_seed_sd_at_best,LW_ind_err_L0,LW_ind_best_layer,LW_ind_best_depth_pct,LW_ind_best_err,LW_ind_last_err,LW_ind_pct_alpha_at_500,LW_replik_agg_layerwise,LW_replik_agg_asli,LW_replik_ind_layerwise,LW_replik_ind_asli,LW_cekfitur_agg_maxdiff,LW_cekfitur_ind_maxdiff,LW0_maxdiff_vs_cache
croissantLLM,croissantllm/CroissantLLMBase,kuliner,10.04,8.97,184,0.915,0.753,16.84,18.98,151,0.486,0.834,33.2,117,-0.082,0.417,35.5,29.26,4872,-0.459,0.234,500.0,49.13,30.57,40.59,29.82,0.1,0.826,0.941,73.3,0.686,25,18.86,10,42,16.3,16.66,0.77,46.75,24,100,35.5,35.5,100,16.84,16.84,35.5,35.5,0.0042,0.0078,0.00781
gemma,google/gemma-3-4b-pt,kuliner,9.01,8.1,184,0.906,0.955,15.21,17.81,151,0.631,0.859,30.15,117,-0.021,0.438,33.97,30.47,4872,-0.184,0.188,500.0,49.13,30.57,40.59,29.82,1.0,0.818,0.918,76.2,0.551,35,21.26,34,100,15.6,15.6,0.63,49.81,21,62,30.35,34.04,100,15.21,15.21,34.04,33.97,0.34,2.9,2.88
kanana,kakaocorp/kanana-nano-2.1b-base,kuliner,9.01,8.23,184,0.885,0.961,17.14,21.08,151,0.582,0.803,32.74,117,-0.08,0.313,39.87,31.67,4872,-0.464,0.012,500.0,49.13,30.57,40.59,29.82,0.1,0.796,0.928,73.1,0.53,33,18.68,7,22,15.84,17.76,0.87,48.11,32,100,39.9,39.9,100,17.13,17.14,39.9,39.87,0.55,2.5,2.48
llama,meta-llama/Llama-3.2-3B,kuliner,8.91,9.43,184,0.903,0.803,15.09,17.16,151,0.677,0.878,26.54,117,0.039,0.611,30.13,28.2,4872,-0.068,0.406,500.0,49.13,30.57,40.59,29.82,0.1,0.867,0.924,71.7,0.618,29,18.32,5,18,14.91,15.88,0.72,45.39,28,100,30.08,30.08,100,15.06,15.09,30.08,30.13,0.11,0.92,0.922
mistral,mistralai/Ministral-3-3B-Base-2512,kuliner,10.07,8.88,184,0.89,0.945,16.26,18.54,151,0.666,0.785,34.83,117,-0.102,0.293,41.92,31.63,4872,-0.516,-0.046,500.0,49.13,30.57,40.59,29.82,1.0,0.714,0.899,75.4,0.486,27,18.74,10,38,15.46,16.19,0.8,47.24,18,69,37.01,37.81,100,15.19,16.26,37.81,41.92,11,45,44.8
qwen,Qwen/Qwen2.5-3B,kuliner,8.95,8.35,184,0.918,0.954,17.26,18.74,151,0.604,0.846,31.81,117,0.054,0.352,32.78,29.48,4872,-0.29,0.32,500.0,49.13,30.57,40.59,29.82,0.1,0.882,0.938,77.7,0.656,37,18.58,13,36,15.72,17.7,0.98,47.41,36,100,32.74,32.74,100,17.26,17.26,32.74,32.78,0.44,4.8,4.75
sarvam,sarvamai/sarvam-1,kuliner,10.64,9.35,184,0.866,0.945,16.04,19.28,151,0.418,0.737,33.91,117,-0.116,0.469,34.17,29.04,4872,-0.52,0.325,500.0,49.13,30.57,40.59,29.82,0.1,0.863,0.955,71.2,0.642,29,21.07,13,46,16.01,16.9,0.65,47.64,26,93,33.95,34.13,90,16.23,16.04,34.13,34.17,1.3,8.8,8.75
croissantLLM,croissantllm/CroissantLLMBase,musik,10.21,8.31,181,0.909,0.947,22.69,24.7,176,0.533,0.648,29.66,172,0.33,0.528,36.78,29.52,2314,0.099,0.164,500.0,46.74,33.21,37.26,29.16,1.0,0.856,0.629,78.3,0.498,25,32.15,21,88,20.69,22.04,0.58,45.22,24,100,36.78,36.78,100,22.69,22.69,36.78,36.78,0.0049,0.0078,0.00781
gemma,google/gemma-3-4b-pt,musik,9.15,9.51,181,0.933,0.82,20.35,22.59,176,0.658,0.696,28.09,172,0.452,0.556,37.37,30.63,2314,0.05,0.065,500.0,46.74,33.21,37.26,29.16,1.0,0.628,0.527,89.8,0.195,35,30.86,31,91,19.69,20.19,0.59,47.62,21,62,33.73,37.4,100,20.37,20.35,37.4,37.37,0.31,3.3,3.28
kanana,kakaocorp/kanana-nano-2.1b-base,musik,9.37,8.71,181,0.922,0.944,22.93,24.46,176,0.555,0.637,29.48,172,0.396,0.494,41.8,32.91,2314,-0.173,-0.053,500.0,46.74,33.21,37.26,29.16,1.0,0.76,0.602,68.4,0.228,33,28.33,28,88,21.48,22.29,0.64,45.16,27,84,39.38,41.8,100,22.93,22.93,41.8,41.8,7.6e-06,0,0
llama,meta-llama/Llama-3.2-3B,musik,9.26,10.69,181,0.825,0.807,21.49,22.99,176,0.567,0.719,29.2,172,0.379,0.547,34.54,29.12,2314,0.129,0.186,500.0,46.74,33.21,37.26,29.16,1.0,0.716,0.586,80.0,0.333,29,28.77,26,93,19.95,20.65,0.58,44.23,28,100,34.51,34.51,100,21.48,21.49,34.51,34.54,0.1,1,1.01
mistral,mistralai/Ministral-3-3B-Base-2512,musik,10.85,10.89,181,0.91,0.825,22.59,24.54,176,0.557,0.646,31.01,172,0.217,0.492,41.31,32.1,2314,-0.151,0.019,500.0,46.74,33.21,37.26,29.16,1.0,0.698,0.536,78.4,0.195,27,27.77,7,27,19.8,20.67,0.7,45.48,19,73,38.82,39.96,100,21.32,22.59,39.96,41.31,21,52,52.2
qwen,Qwen/Qwen2.5-3B,musik,9.45,10.14,181,0.907,0.83,21.18,22.84,176,0.602,0.658,27.95,172,0.391,0.62,35.6,29.84,2314,0.135,0.175,500.0,46.74,33.21,37.26,29.16,1.0,0.847,0.639,79.6,0.372,37,28.71,13,36,20.2,20.86,0.5,45.3,36,100,35.57,35.57,100,21.23,21.18,35.57,35.6,0.71,4.9,4.88
sarvam,sarvamai/sarvam-1,musik,9.86,8.87,181,0.899,0.95,25.13,24.29,176,0.41,0.642,30.44,172,0.287,0.561,35.1,28.21,2314,0.125,0.349,500.0,46.74,33.21,37.26,29.16,0.1,0.707,0.633,80.5,0.561,29,32.45,25,89,22.43,24.05,0.72,44.93,28,100,35.13,35.13,86,25.11,25.13,35.13,35.1,1.8,9.8,9.75
