Layer,Depth,Err,SD_titik,R2_lat,R2_lon,Alpha_med,Alpha_di_batas
0,0.0,46.74840130946558,32.30674924254517,-1.0545358077177531,-0.17341244915709964,500.0,1.0
1,0.041666666666666664,46.30419878430732,32.48602065299642,-0.9807312111386606,-0.16141876146406053,500.0,1.0
2,0.08333333333333333,45.13963556185681,32.01081142182606,-0.9852379824304716,-0.12122963255145192,500.0,1.0
3,0.125,47.50121635859171,33.173745555362856,-0.8555097601279473,-0.2645317837495711,500.0,1.0
4,0.16666666666666666,48.16026827579167,33.449090707458964,-0.8120744783889298,-0.33842165961648085,500.0,1.0
5,0.20833333333333334,46.53700216677992,32.69148098817119,-0.8973837009614027,-0.19250812009009155,500.0,1.0
6,0.25,46.440146075945485,32.61221307145691,-0.8340590582023184,-0.23513869688846611,500.0,1.0
7,0.2916666666666667,49.19912798001816,33.756023327455615,-0.8990205222965539,-0.3481586880043117,500.0,1.0
8,0.3333333333333333,50.71990512268086,34.26563648031352,-1.0441936714743516,-0.41429579724867494,500.0,1.0
9,0.375,52.25543575010223,33.49803293051656,-0.9828195612105386,-0.6501030386588968,500.0,1.0
10,0.4166666666666667,51.65696312905825,34.159116918831934,-1.0003622264297953,-0.6037521884321264,500.0,1.0
11,0.4583333333333333,50.00464966430132,33.05578033273207,-0.8826036316570565,-0.45136041039974906,500.0,1.0
12,0.5,48.50717481744887,32.48516398183384,-0.7884243081992925,-0.32334501327861265,500.0,1.0
13,0.5416666666666666,46.65482328623931,33.03125531213513,-0.7681646731461633,-0.2351921304548925,500.0,1.0
14,0.5833333333333334,44.83075710640476,32.04254817470124,-0.6513844862443889,-0.19045508043147152,500.0,1.0
15,0.625,44.02082433853234,31.657876225197167,-0.6785219289367588,-0.12319383739175294,500.0,1.0
16,0.6666666666666666,42.36185612437706,31.237946360174604,-0.5873947861535538,-0.09429827085146103,500.0,1.0
17,0.7083333333333334,41.958280735948364,31.01219712967765,-0.5661988300853826,-0.033426460378219724,500.0,1.0
18,0.75,40.29095508251195,30.638802266568522,-0.5708176557580844,0.07647628034391418,500.0,1.0
19,0.7916666666666666,39.54844253124227,30.112632259575776,-0.5135669301623838,0.04885450592043861,500.0,1.0
20,0.8333333333333334,38.56626879739065,30.08393079202325,-0.5880059343154058,0.136202290999892,500.0,1.0
21,0.875,37.91048574096201,29.628130573869893,-0.5835867145232967,0.16436491100145734,500.0,1.0
22,0.9166666666666666,37.620430181535234,29.73565732210316,-0.5194878452729628,0.1412724203172726,500.0,1.0
23,0.9583333333333334,36.976606581413385,29.328884796983285,-0.5030655466975915,0.14660462387332607,500.0,1.0
24,1.0,35.503224827983615,29.26341760289846,-0.4593759508448916,0.23431243789169298,500.0,1.0
