Layer,Depth,Err_s42,Err_mean,Err_sd,SD_titik,R2_lat,R2_lon,Alpha
0,0.0,20.425527129960653,21.25879139674363,1.2212615470369164,21.031865424418832,0.4567402812366068,0.7246024314084611,500.0
1,0.029411764705882353,21.359876895435274,23.451076915983553,1.234349653447388,19.29107947942722,0.2873139697453375,0.6832763517664707,500.0
2,0.058823529411764705,22.343177282762017,23.549363399723624,0.7106926593496146,19.90640314073249,0.20466819183009397,0.6226954723417286,500.0
3,0.08823529411764706,21.518889571845637,22.714031899764144,0.7404762517185768,22.728930607290174,0.2702645542665282,0.6147780897391388,500.0
4,0.11764705882352941,21.13684142464595,21.882584777625247,0.8302055127947652,19.746623472697316,0.31469156533799525,0.6964169005178291,500.0
5,0.14705882352941177,19.722345472465896,20.672486578354782,0.955735452297041,21.046806812595335,0.3598704746671815,0.7679276330284052,500.0
6,0.17647058823529413,18.665931024874425,19.496756447669746,0.823522487661742,20.643873021802165,0.3934667528819927,0.7878613419532697,500.0
7,0.20588235294117646,18.351115871312384,18.997167605027414,0.7747693165804929,20.827645752702868,0.42150697979771296,0.7880149115533434,500.0
8,0.23529411764705882,17.755116455226144,18.386318433099934,0.5736662363541196,21.469342777587386,0.4262023054551258,0.7917093807644205,500.0
9,0.2647058823529412,18.244922446074142,18.66660169746043,0.4926423991353751,22.76604116651108,0.3729722238099541,0.7705077048867208,500.0
10,0.29411764705882354,17.34828239140335,18.166691811371077,0.6530222652448738,21.31320219281365,0.40454903150782523,0.7572551625749326,150.0
11,0.3235294117647059,17.12145476752546,17.654603132260977,0.5772748083257997,21.41722767758386,0.4192991263879481,0.7845212668814586,150.0
12,0.35294117647058826,17.44099370454329,17.977784815845553,0.6398932243787515,22.106247374921296,0.399810332381311,0.7503382023867089,50.0
13,0.38235294117647056,16.981388082442574,17.705512624071908,0.6978989874311193,21.518122832849084,0.40023749426821037,0.7489004007603983,50.0
14,0.4117647058823529,16.66680747214084,17.465831765391773,0.8416029738080717,21.067606374467466,0.41790089293758087,0.7149910105209105,50.0
15,0.4411764705882353,16.42911895920153,17.020470512828787,0.718257847368794,20.288422741145506,0.42953616166253134,0.7329768673562614,50.0
16,0.47058823529411764,15.646454067612233,16.38762221199209,0.6699254918238009,19.585848576587527,0.4696971298076167,0.7464344815678566,50.0
17,0.5,15.531957984147093,16.369514249985706,0.5603823994573042,19.864182412718222,0.4937985000504604,0.7422565012443044,50.0
18,0.5294117647058824,15.220455518093276,15.808676302841135,0.4431796458104669,18.47138834917116,0.5393446935759568,0.7355670278267474,50.0
19,0.5588235294117647,15.484441126178284,15.930896901983758,0.42233860262326,18.921371069363367,0.5451325318354276,0.726232925863586,50.0
20,0.5882352941176471,15.156732548178695,15.663667970127085,0.45948262005129653,18.2245070223953,0.5565079495485361,0.7353830062899065,50.0
21,0.6176470588235294,15.487286090286217,15.95061661017328,0.5416693423924763,18.874869042321333,0.5654989734689956,0.7150269447089246,50.0
22,0.6470588235294118,15.349038292842168,15.998210286988094,0.7039650724733395,18.42901162657317,0.6011789242608694,0.7056455960748422,50.0
23,0.6764705882352942,15.491085882218552,16.261050230390897,0.6094101078120477,18.19007305176895,0.5734935034018734,0.7079408035393373,50.0
24,0.7058823529411765,15.8598836673337,16.237502588648503,0.41689812885182426,20.240576171055785,0.5801479641967976,0.6782200102378904,50.0
25,0.7352941176470589,15.779938947368645,16.33130654563844,0.6713349782354141,21.777717676917334,0.5607140122681817,0.6928826241680305,150.0
26,0.7647058823529411,16.006376443040235,16.407780145623335,0.5770534996582044,22.082468413971704,0.5560209468665908,0.6902993531181993,150.0
27,0.7941176470588235,16.1183897289228,16.506233192635772,0.6525991833536738,21.799623017513113,0.5393106671133798,0.6880998472683649,150.0
28,0.8235294117647058,16.04062345497656,16.395194582972874,0.6340876378701649,21.514399731184124,0.55329381270484,0.6923648921594566,150.0
29,0.8529411764705882,16.004857346590427,16.38568265242872,0.703721055281082,21.33156206109036,0.5433592586897138,0.6986753955229175,150.0
30,0.8823529411764706,15.970005435580882,16.398741377989477,0.6518624038843912,21.021243869858637,0.5378478570632828,0.6991430634204647,150.0
31,0.9117647058823529,15.901408858764198,16.279991590276694,0.6318439248330067,20.598117227457653,0.5434696955002655,0.6996715537445777,150.0
32,0.9411764705882353,15.67840476213729,16.052846565309284,0.6169463304736478,19.796678606145665,0.572099772547951,0.7292537763638174,150.0
33,0.9705882352941176,15.347182757612417,15.754366250328792,0.5940753189138875,18.877835947019033,0.5845460543825001,0.798814890934025,150.0
34,1.0,15.208059852986871,15.597724593628794,0.6258637743784516,17.774607605783018,0.6047252255578061,0.8442858399101592,150.0
