country,region
Afghanistan,Southern Asia
Albania,Southern Europe
Algeria,Northern Africa
Angola,Central Africa
Anguilla,Caribbean
Antigua and Barbuda,Caribbean
Argentina,Southern America
Armenia,Eastern Europe
Australia,Oceania
Austria,Western Europe
Azerbaijan,Eastern Europe
Bahamas,Caribbean
Bahrain,Western Asia
Bangladesh,Southern Asia
Barbados,Caribbean
Belarus,Eastern Europe
Belgium,Western Europe
Belize,Central America
Benin,Western Africa
Bhutan,Southern Asia
Bolivia,Southern America
Bosnia and Herzegovina,Southern Europe
Botswana,Southern Africa
Brazil,Southern America
Brunei Darussalam,South Eastern Asia
Bulgaria,Eastern Europe
Burkina Faso,Western Africa
Burundi,Central Africa
Cabo Verde,Western Africa
Cambodia,South Eastern Asia
Cameroon,Central Africa
Canada,Northern America
Central African Republic,Central Africa
Chad,Central Africa
Chile,Southern America
China,Eastern Asia
Colombia,Southern America
Comoros,Eastern Africa
Congo,Central Africa
Costa Rica,Central America
Croatia,Southern Europe
Cuba,Caribbean
Cyprus,Western Asia
Czech Republic,Eastern Europe
Côte d'Ivoire,Western Africa
Democratic Republic of the Congo,Central Africa
Denmark,Northern Europe
Djibouti,Eastern Africa
Dominica,Caribbean
Dominican Republic,Caribbean
Ecuador,Southern America
Egypt,Northern Africa
El Salvador,Central America
England,Northern Europe
Eritrea,Eastern Africa
Equatorial Guinea,Central Africa
Estonia,Northern Europe
Eswatini,Southern Africa
Ethiopia,Eastern Africa
Faroe Islands,Northern Europe
Fiji,Oceania
Finland,Northern Europe
France,Western Europe
Gabon,Central Africa
Gambia,Western Africa
Georgia,Eastern Europe
Germany,Western Europe
Ghana,Western Africa
Greece,Southern Europe
Grenada,Caribbean
Guatemala,Central America
Guernsey,Northern Europe
Guinea,Western Africa
Guinea-Bissau,Western Africa
Guyana,Southern America
Haiti,Caribbean
Honduras,Central America
Hong Kong,Eastern Asia
Hungary,Eastern Europe
Iceland,Northern Europe
India,Southern Asia
Indonesia,South Eastern Asia
Iran,Western Asia
Iraq,Western Asia
Ireland,Northern Europe
Israel,Western Asia
Italy,Southern Europe
Jamaica,Caribbean
Japan,Eastern Asia
Jordan,Western Asia
Kazakhstan,Central Asia
Kenya,Eastern Africa
Kuwait,Western Asia
Kyrgyzstan,Central Asia
Laos,South Eastern Asia
Latvia,Northern Europe
Lebanon,Western Asia
Lesotho,Southern Africa
Liberia,Western Africa
Libya,Northern Africa
Liechtenstein,Western Europe
Lithuania,Northern Europe
Luxembourg,Western Europe
Macau,Eastern Asia
Macedonia,Southern Europe
Madagascar,Eastern Africa
Malawi,Eastern Africa
Malaysia,South Eastern Asia
Maldives,Southern Asia
Mali,Western Africa
Malta,Southern Europe
Mauritania,Western Africa
Mauritius,Eastern Africa
Mexico,Northern America
Moldova,Eastern Europe
Monaco,Western Europe
Mongolia,Eastern Asia
Montenegro,Southern Europe
Morocco,Northern Africa
Mozambique,Eastern Africa
Myanmar,South Eastern Asia
Namibia,Southern Africa
Nepal,Southern Asia
Netherlands,Western Europe
New Zealand,Oceania
Nicaragua,Central America
Niger,Western Africa
Nigeria,Western Africa
North Korea,Eastern Asia
North Macedonia,Southern Europe
Norway,Northern Europe
Oman,Western Asia
Pakistan,Southern Asia
Palestine,Western Asia
Panama,Central America
Paraguay,Southern America
Peru,Southern America
Philippines,South Eastern Asia
Poland,Eastern Europe
Portugal,Southern Europe
Puerto Rico,Caribbean
Qatar,Western Asia
Romania,Eastern Europe
Russia,Eastern Europe
Rwanda,Central Africa
Saint Kitts and Nevis,Caribbean
Saint Lucia,Caribbean
Saint Vincent and the Grenadines,Caribbean
Saudi Arabia,Western Asia
Scotland,Northern Europe
Senegal,Western Africa
Serbia,Southern Europe
Seychelles,Eastern Africa
Sierra Leone,Western Africa
Singapore,South Eastern Asia
Slovakia,Eastern Europe
Slovenia,Southern Europe
Somalia,Eastern Africa
South Africa,Southern Africa
South Korea,Eastern Asia
South Sudan,Eastern Africa
Spain,Southern Europe
Sri Lanka,Southern Asia
Sudan,Northern Africa
Suriname,Southern America
Sweden,Northern Europe
Switzerland,Western Europe
Syria,Western Asia
Taiwan,Eastern Asia
Tajikistan,Central Asia
Tanzania,Eastern Africa
Thailand,South Eastern Asia
Timor Leste,South Eastern Asia
Togo,Western Africa
Trinidad and Tobago,Caribbean
Tunisia,Northern Africa
Turkey,Western Asia
Turkmenistan,Central Asia
Uganda,Eastern Africa
Ukraine,Eastern Europe
United Arab Emirates,Western Asia
United Kingdom,Western Europe
United States,Northern America
Uruguay,Southern America
Uzbekistan,Central Asia
Venezuela,Southern America
Vietnam,South Eastern Asia
Wales,Western Europe
Western Sahara,Northern Africa
Yemen,Western Asia
Zambia,Eastern Africa
Zimbabwe,Southern Africa