model,model_id,domain,row_order,Region,N_Artifacts,Pred_Centroid_Lat,Pred_Centroid_Lon,Actual_Centroid_Lat,Actual_Centroid_Lon,Pred_Spread,Avg_Error,Std_Error
croissantLLM,croissantllm/CroissantLLMBase,kuliner,1,Oceania,57,66.280033,23.111102,-31.676243,150.790039,34.261149,128.633509,27.846427
croissantLLM,croissantllm/CroissantLLMBase,kuliner,2,Southern America,238,47.360211,-41.406667,-15.202405,-63.675679,47.467078,70.762114,34.606271
croissantLLM,croissantllm/CroissantLLMBase,kuliner,3,Southern Africa,47,39.518936,27.481783,-28.250543,23.635684,32.713064,70.316857,21.345341
croissantLLM,croissantllm/CroissantLLMBase,kuliner,4,Caribbean,178,67.595913,-16.96015,17.425015,-69.001868,40.334495,63.496364,31.901158
croissantLLM,croissantllm/CroissantLLMBase,kuliner,5,Western Africa,115,45.655105,30.365703,11.485341,-2.129956,38.933357,51.437461,22.248061
croissantLLM,croissantllm/CroissantLLMBase,kuliner,6,Central Africa,23,36.100119,29.183657,1.15601,17.274965,45.765052,50.258237,26.127069
croissantLLM,croissantllm/CroissantLLMBase,kuliner,7,Central America,48,40.304933,-54.338102,13.349882,-86.882512,38.076887,45.85818,32.051146
croissantLLM,croissantllm/CroissantLLMBase,kuliner,8,Northern America,390,60.585911,-53.908773,34.697113,-99.112879,36.707198,44.931213,26.492939
croissantLLM,croissantllm/CroissantLLMBase,kuliner,9,Eastern Africa,75,35.475098,46.545111,0.967153,39.726019,35.400967,44.675018,22.884326
croissantLLM,croissantllm/CroissantLLMBase,kuliner,10,South Eastern Asia,599,33.179835,95.121558,8.12306,110.08149,43.367371,40.196395,35.47062
croissantLLM,croissantllm/CroissantLLMBase,kuliner,11,Southern Europe,503,53.45898,11.099715,42.46094,10.276829,36.140954,28.603127,19.878287
croissantLLM,croissantllm/CroissantLLMBase,kuliner,12,Northern Africa,159,37.961704,29.36691,29.081664,13.216402,25.239723,26.662878,16.905076
croissantLLM,croissantllm/CroissantLLMBase,kuliner,13,Western Europe,489,60.119534,9.875157,50.903772,3.851249,30.933689,25.832092,18.757599
croissantLLM,croissantllm/CroissantLLMBase,kuliner,14,Western Asia,465,43.930461,41.392182,31.8991,41.800665,29.412968,25.548848,17.473477
croissantLLM,croissantllm/CroissantLLMBase,kuliner,15,Eastern Europe,419,51.854191,43.364445,52.780142,36.295718,26.539375,25.461954,15.962171
croissantLLM,croissantllm/CroissantLLMBase,kuliner,16,Eastern Asia,557,44.047711,109.614052,36.14322,122.323853,30.897373,25.239952,22.632785
croissantLLM,croissantllm/CroissantLLMBase,kuliner,17,Central Asia,39,42.559624,54.513417,42.387996,67.577851,25.728641,24.647525,12.741423
croissantLLM,croissantllm/CroissantLLMBase,kuliner,18,Northern Europe,162,62.857359,23.702106,58.526535,13.717154,28.641906,24.482656,14.308866
croissantLLM,croissantllm/CroissantLLMBase,kuliner,19,Southern Asia,309,31.361529,71.69085,22.646835,79.637141,24.160837,23.222457,16.299468
gemma,google/gemma-3-4b-pt,kuliner,1,Oceania,57,64.72772,32.554402,-31.676243,150.790039,46.9833,119.87194,32.1909
gemma,google/gemma-3-4b-pt,kuliner,2,Caribbean,178,66.694677,-28.675973,17.425015,-69.001868,59.80455,67.894489,50.461016
gemma,google/gemma-3-4b-pt,kuliner,3,Southern America,238,28.811932,-43.977226,-15.202405,-63.675679,48.703575,58.524263,36.465409
gemma,google/gemma-3-4b-pt,kuliner,4,Western Africa,115,38.336309,27.939189,11.485341,-2.129956,38.069484,45.759384,26.984836
gemma,google/gemma-3-4b-pt,kuliner,5,Central Africa,23,18.272614,3.644098,1.15601,17.274965,47.550052,45.425158,27.252797
gemma,google/gemma-3-4b-pt,kuliner,6,Northern America,390,56.76665,-71.158134,34.697113,-99.112879,42.429386,40.981544,29.290761
gemma,google/gemma-3-4b-pt,kuliner,7,Eastern Africa,75,27.360768,33.132088,0.967153,39.726019,39.286252,40.90824,21.983123
gemma,google/gemma-3-4b-pt,kuliner,8,Central America,48,33.317715,-68.781779,13.349882,-86.882512,35.182822,37.637763,22.609395
gemma,google/gemma-3-4b-pt,kuliner,9,Southern Africa,47,1.250163,23.525124,-28.250543,23.635684,31.527175,35.107462,24.910551
gemma,google/gemma-3-4b-pt,kuliner,10,Central Asia,39,56.740866,54.07103,42.387996,67.577851,34.58751,33.658435,19.008587
gemma,google/gemma-3-4b-pt,kuliner,11,South Eastern Asia,599,24.55963,102.364608,8.12306,110.08149,42.548506,33.372305,32.991917
gemma,google/gemma-3-4b-pt,kuliner,12,Northern Africa,159,36.794843,30.151825,29.081664,13.216402,35.677773,31.169682,26.116727
gemma,google/gemma-3-4b-pt,kuliner,13,Southern Europe,503,50.224527,7.583161,42.46094,10.276829,39.952548,30.299648,23.833275
gemma,google/gemma-3-4b-pt,kuliner,14,Northern Europe,162,64.801313,6.634067,58.526535,13.717154,31.806057,27.448446,19.158526
gemma,google/gemma-3-4b-pt,kuliner,15,Eastern Europe,419,55.544868,31.402007,52.780142,36.295718,30.767997,27.328719,17.827477
gemma,google/gemma-3-4b-pt,kuliner,16,Western Europe,489,59.220486,4.504109,50.903772,3.851249,33.622657,27.219781,20.904899
gemma,google/gemma-3-4b-pt,kuliner,17,Western Asia,465,41.988794,40.810644,31.8991,41.800665,30.801662,25.307742,20.859754
gemma,google/gemma-3-4b-pt,kuliner,18,Eastern Asia,557,43.670494,116.006782,36.14322,122.323853,32.831457,24.729109,23.565434
gemma,google/gemma-3-4b-pt,kuliner,19,Southern Asia,309,26.537668,75.625202,22.646835,79.637141,34.566763,24.559296,26.295138
kanana,kakaocorp/kanana-nano-2.1b-base,kuliner,1,Oceania,57,69.07751,45.08789,-31.676243,150.790039,38.519867,120.275262,26.926109
kanana,kakaocorp/kanana-nano-2.1b-base,kuliner,2,Caribbean,178,66.350629,24.386182,17.425015,-69.001868,50.864838,78.607019,40.825948
kanana,kakaocorp/kanana-nano-2.1b-base,kuliner,3,Southern America,238,43.186071,-39.220587,-15.202405,-63.675679,51.785345,70.468126,38.073346
kanana,kakaocorp/kanana-nano-2.1b-base,kuliner,4,Southern Africa,47,27.457921,7.566152,-28.250543,23.635684,41.945127,64.110174,27.997356
kanana,kakaocorp/kanana-nano-2.1b-base,kuliner,5,Western Africa,115,50.139571,44.50111,11.485341,-2.129956,51.751174,62.610772,37.466963
kanana,kakaocorp/kanana-nano-2.1b-base,kuliner,6,Central America,48,43.218031,-58.595845,13.349882,-86.882512,51.569165,49.762941,43.088213
kanana,kakaocorp/kanana-nano-2.1b-base,kuliner,7,Northern America,390,61.483676,-61.069706,34.697113,-99.112879,43.830193,47.61376,29.296567
kanana,kakaocorp/kanana-nano-2.1b-base,kuliner,8,Eastern Africa,75,29.277308,39.342081,0.967153,39.726019,46.554599,46.084381,27.446975
kanana,kakaocorp/kanana-nano-2.1b-base,kuliner,9,Central Africa,23,29.360119,34.671949,1.15601,17.274965,39.034551,46.025289,21.71252
kanana,kakaocorp/kanana-nano-2.1b-base,kuliner,10,South Eastern Asia,599,30.582615,95.910549,8.12306,110.08149,48.853196,42.90169,36.78485
kanana,kakaocorp/kanana-nano-2.1b-base,kuliner,11,Northern Europe,162,64.809586,21.575053,58.526535,13.717154,39.694204,33.90929,21.953651
kanana,kakaocorp/kanana-nano-2.1b-base,kuliner,12,Southern Europe,503,51.043876,12.758689,42.46094,10.276829,41.874269,32.798037,23.401802
kanana,kakaocorp/kanana-nano-2.1b-base,kuliner,13,Eastern Europe,419,51.705276,41.017261,52.780142,36.295718,36.02701,32.40262,19.708256
kanana,kakaocorp/kanana-nano-2.1b-base,kuliner,14,Northern Africa,159,40.919694,33.034661,29.081664,13.216402,30.783018,32.120946,19.086813
kanana,kakaocorp/kanana-nano-2.1b-base,kuliner,15,Western Asia,465,40.093622,36.836306,31.8991,41.800665,34.514276,30.14921,19.003151
kanana,kakaocorp/kanana-nano-2.1b-base,kuliner,16,Eastern Asia,557,45.130479,111.880807,36.14322,122.323853,36.561438,29.686024,25.500444
kanana,kakaocorp/kanana-nano-2.1b-base,kuliner,17,Western Europe,489,58.690285,8.987423,50.903772,3.851249,35.24928,29.56624,20.468254
kanana,kakaocorp/kanana-nano-2.1b-base,kuliner,18,Southern Asia,309,32.053798,77.8779,22.646835,79.637141,32.249084,27.863203,20.793284
kanana,kakaocorp/kanana-nano-2.1b-base,kuliner,19,Central Asia,39,39.127617,52.146555,42.387996,67.577851,24.780341,24.363413,12.538143
llama,meta-llama/Llama-3.2-3B,kuliner,1,Oceania,57,64.36966,24.331379,-31.676243,150.790039,35.520032,127.33543,26.964103
llama,meta-llama/Llama-3.2-3B,kuliner,2,Caribbean,178,59.051875,-23.15205,17.425015,-69.001868,51.710472,61.814459,41.618585
llama,meta-llama/Llama-3.2-3B,kuliner,3,Southern America,238,31.877434,-47.044387,-15.202405,-63.675679,48.073652,59.437109,35.82072
llama,meta-llama/Llama-3.2-3B,kuliner,4,Western Africa,115,30.428569,23.274788,11.485341,-2.129956,40.872239,41.790272,27.374226
llama,meta-llama/Llama-3.2-3B,kuliner,5,Southern Africa,47,5.414642,19.983145,-28.250543,23.635684,33.372343,39.883128,25.93794
llama,meta-llama/Llama-3.2-3B,kuliner,6,Eastern Africa,75,30.346255,42.985039,0.967153,39.726019,36.492052,38.80685,24.001438
llama,meta-llama/Llama-3.2-3B,kuliner,7,Central Africa,23,24.431014,28.451425,1.15601,17.274965,34.460189,36.345953,22.255321
llama,meta-llama/Llama-3.2-3B,kuliner,8,Northern America,390,54.741903,-72.792789,34.697113,-99.112879,36.655864,36.086485,27.005035
llama,meta-llama/Llama-3.2-3B,kuliner,9,Central America,48,31.335272,-69.296004,13.349882,-86.882512,36.534239,35.139097,27.649819
llama,meta-llama/Llama-3.2-3B,kuliner,10,South Eastern Asia,599,24.071895,99.15839,8.12306,110.08149,38.909614,30.851432,32.038406
llama,meta-llama/Llama-3.2-3B,kuliner,11,Northern Africa,159,39.359299,22.92633,29.081664,13.216402,25.003617,25.784546,15.779566
llama,meta-llama/Llama-3.2-3B,kuliner,12,Central Asia,39,42.545026,55.450634,42.387996,67.577851,26.299406,23.758318,14.84235
llama,meta-llama/Llama-3.2-3B,kuliner,13,Southern Europe,503,49.347169,10.834958,42.46094,10.276829,31.083025,23.138242,17.564258
llama,meta-llama/Llama-3.2-3B,kuliner,14,Eastern Europe,419,52.3386,36.057939,52.780142,36.295718,24.028258,22.581585,14.736169
llama,meta-llama/Llama-3.2-3B,kuliner,15,Western Europe,489,57.278931,6.128372,50.903772,3.851249,28.774178,22.476801,18.500254
llama,meta-llama/Llama-3.2-3B,kuliner,16,Eastern Asia,557,41.81516,113.473535,36.14322,122.323853,29.459606,22.273141,21.042728
llama,meta-llama/Llama-3.2-3B,kuliner,17,Northern Europe,162,62.088841,12.881457,58.526535,13.717154,26.998614,22.243916,15.976211
llama,meta-llama/Llama-3.2-3B,kuliner,18,Western Asia,465,41.924048,36.346418,31.8991,41.800665,23.682903,21.670447,14.92938
llama,meta-llama/Llama-3.2-3B,kuliner,19,Southern Asia,309,29.020946,73.212391,22.646835,79.637141,25.917649,21.074157,18.827975
mistral,mistralai/Ministral-3-3B-Base-2512,kuliner,1,Oceania,57,72.564709,13.431926,-31.676243,150.790039,47.620078,123.121652,30.409595
mistral,mistralai/Ministral-3-3B-Base-2512,kuliner,2,Caribbean,178,50.279571,-4.855983,17.425015,-69.001868,62.53982,71.351831,38.141523
mistral,mistralai/Ministral-3-3B-Base-2512,kuliner,3,Southern America,238,40.698579,-42.987869,-15.202405,-63.675679,56.829637,69.337494,35.429645
mistral,mistralai/Ministral-3-3B-Base-2512,kuliner,4,Southern Africa,47,27.046152,26.438091,-28.250543,23.635684,44.012072,62.026868,26.59432
mistral,mistralai/Ministral-3-3B-Base-2512,kuliner,5,Western Africa,115,40.902865,36.101036,11.485341,-2.129956,52.780671,57.705362,28.834453
mistral,mistralai/Ministral-3-3B-Base-2512,kuliner,6,Northern America,390,62.6246,-60.07318,34.697113,-99.112879,46.925142,49.589402,31.853413
mistral,mistralai/Ministral-3-3B-Base-2512,kuliner,7,South Eastern Asia,599,34.001945,87.739297,8.12306,110.08149,49.420429,47.849803,37.129611
mistral,mistralai/Ministral-3-3B-Base-2512,kuliner,8,Central America,48,43.190413,-62.986,13.349882,-86.882512,45.549192,47.282856,31.735251
mistral,mistralai/Ministral-3-3B-Base-2512,kuliner,9,Central Africa,23,22.483574,28.246688,1.15601,17.274965,51.655512,47.211143,28.736593
mistral,mistralai/Ministral-3-3B-Base-2512,kuliner,10,Eastern Africa,75,27.094121,42.984148,0.967153,39.726019,33.934233,37.940229,19.653349
mistral,mistralai/Ministral-3-3B-Base-2512,kuliner,11,Southern Europe,503,54.231231,17.469725,42.46094,10.276829,45.157292,37.12352,25.923284
mistral,mistralai/Ministral-3-3B-Base-2512,kuliner,12,Northern Africa,159,42.020021,28.993182,29.081664,13.216402,36.994693,36.791503,22.5569
mistral,mistralai/Ministral-3-3B-Base-2512,kuliner,13,Northern Europe,162,64.819499,31.528717,58.526535,13.717154,40.886452,34.96682,23.54026
mistral,mistralai/Ministral-3-3B-Base-2512,kuliner,14,Southern Asia,309,35.68334,69.24247,22.646835,79.637141,40.350725,34.792806,26.559228
mistral,mistralai/Ministral-3-3B-Base-2512,kuliner,15,Eastern Europe,419,53.51294,46.065822,52.780142,36.295718,37.53332,33.386124,21.964882
mistral,mistralai/Ministral-3-3B-Base-2512,kuliner,16,Western Europe,489,62.00489,8.97618,50.903772,3.851249,39.09491,33.104879,23.389264
mistral,mistralai/Ministral-3-3B-Base-2512,kuliner,17,Eastern Asia,557,46.94508,110.838169,36.14322,122.323853,38.320831,31.975289,26.131035
mistral,mistralai/Ministral-3-3B-Base-2512,kuliner,18,Western Asia,465,41.345981,44.846378,31.8991,41.800665,36.109811,30.770182,20.826613
mistral,mistralai/Ministral-3-3B-Base-2512,kuliner,19,Central Asia,39,54.714291,65.088923,42.387996,67.577851,25.396931,26.214043,12.541718
qwen,Qwen/Qwen2.5-3B,kuliner,1,Oceania,57,70.470087,6.981923,-31.676243,150.790039,37.344789,128.969506,25.407362
qwen,Qwen/Qwen2.5-3B,kuliner,2,Caribbean,178,70.401341,-12.209725,17.425015,-69.001868,52.71444,70.286625,42.13202
qwen,Qwen/Qwen2.5-3B,kuliner,3,Southern America,238,36.951046,-50.607967,-15.202405,-63.675679,45.536261,60.86119,34.578589
qwen,Qwen/Qwen2.5-3B,kuliner,4,Southern Africa,47,17.610274,18.018724,-28.250543,23.635684,34.223412,50.721329,27.559778
qwen,Qwen/Qwen2.5-3B,kuliner,5,Western Africa,115,45.065611,26.42036,11.485341,-2.129956,39.736036,50.049154,24.801384
qwen,Qwen/Qwen2.5-3B,kuliner,6,Central Africa,23,25.091424,40.735375,1.15601,17.274965,42.445015,46.249674,29.809427
qwen,Qwen/Qwen2.5-3B,kuliner,7,Central America,48,36.965528,-63.856545,13.349882,-86.882512,40.133368,41.48682,30.060458
qwen,Qwen/Qwen2.5-3B,kuliner,8,Eastern Africa,75,28.720172,33.146952,0.967153,39.726019,36.965853,40.410127,21.101967
qwen,Qwen/Qwen2.5-3B,kuliner,9,Northern America,390,56.601485,-67.221232,34.697113,-99.112879,39.230202,40.22141,27.906465
qwen,Qwen/Qwen2.5-3B,kuliner,10,South Eastern Asia,599,29.076288,97.814904,8.12306,110.08149,43.51291,36.74428,35.295314
qwen,Qwen/Qwen2.5-3B,kuliner,11,Central Asia,39,42.903374,40.670572,42.387996,67.577851,26.184988,29.32479,14.560722
qwen,Qwen/Qwen2.5-3B,kuliner,12,Eastern Europe,419,54.878392,30.456206,52.780142,36.295718,26.307362,24.904731,14.839066
qwen,Qwen/Qwen2.5-3B,kuliner,13,Southern Europe,503,49.111015,9.733522,42.46094,10.276829,32.149102,24.478434,17.46425
qwen,Qwen/Qwen2.5-3B,kuliner,14,Northern Africa,159,35.257614,25.824587,29.081664,13.216402,24.587491,24.150938,15.368922
qwen,Qwen/Qwen2.5-3B,kuliner,15,Eastern Asia,557,43.803429,112.635418,36.14322,122.323853,30.093267,23.672496,22.243484
qwen,Qwen/Qwen2.5-3B,kuliner,16,Western Europe,489,57.097666,6.132349,50.903772,3.851249,29.9413,23.444142,19.172591
qwen,Qwen/Qwen2.5-3B,kuliner,17,Northern Europe,162,61.225247,4.873838,58.526535,13.717154,28.012503,23.230619,17.106231
qwen,Qwen/Qwen2.5-3B,kuliner,18,Western Asia,465,40.273468,41.920421,31.8991,41.800665,25.944407,22.638866,15.49726
qwen,Qwen/Qwen2.5-3B,kuliner,19,Southern Asia,309,29.991696,74.408139,22.646835,79.637141,26.635767,21.811341,19.407792
sarvam,sarvamai/sarvam-1,kuliner,1,Oceania,57,67.093292,31.28177,-31.676243,150.790039,27.912641,127.189128,22.474457
sarvam,sarvamai/sarvam-1,kuliner,2,Southern Africa,47,42.139503,32.611144,-28.250543,23.635684,28.54179,72.543694,17.337204
sarvam,sarvamai/sarvam-1,kuliner,3,Caribbean,178,68.370727,13.229574,17.425015,-69.001868,41.079105,71.857292,37.128002
sarvam,sarvamai/sarvam-1,kuliner,4,Southern America,238,45.352846,-40.648596,-15.202405,-63.675679,39.810826,68.198085,32.508779
sarvam,sarvamai/sarvam-1,kuliner,5,Central Africa,23,37.235061,40.285769,1.15601,17.274965,37.49447,50.419468,22.817477
sarvam,sarvamai/sarvam-1,kuliner,6,Western Africa,115,45.176683,26.046621,11.485341,-2.129956,36.386612,48.58073,20.994462
sarvam,sarvamai/sarvam-1,kuliner,7,Eastern Africa,75,37.392167,57.831316,0.967153,39.726019,29.519618,45.751543,18.785141
sarvam,sarvamai/sarvam-1,kuliner,8,Central America,48,45.761367,-57.753389,13.349882,-86.882512,29.335994,44.93867,23.186459
sarvam,sarvamai/sarvam-1,kuliner,9,Northern America,390,61.94424,-54.548275,34.697113,-99.112879,33.486528,43.95892,24.456947
sarvam,sarvamai/sarvam-1,kuliner,10,South Eastern Asia,599,34.347651,91.621173,8.12306,110.08149,40.383414,39.837212,34.770524
sarvam,sarvamai/sarvam-1,kuliner,11,Northern Africa,159,41.23076,32.374533,29.081664,13.216402,23.617963,27.898414,15.571118
sarvam,sarvamai/sarvam-1,kuliner,12,Southern Europe,503,51.981715,13.153739,42.46094,10.276829,32.983594,25.843642,17.298997
sarvam,sarvamai/sarvam-1,kuliner,13,Eastern Asia,557,45.203751,108.011523,36.14322,122.323853,30.274845,25.496264,22.697917
sarvam,sarvamai/sarvam-1,kuliner,14,Northern Europe,162,60.559413,26.850906,58.526535,13.717154,30.959051,25.067017,20.752487
sarvam,sarvamai/sarvam-1,kuliner,15,Western Asia,465,44.219967,43.054797,31.8991,41.800665,24.97756,23.200626,15.05005
sarvam,sarvamai/sarvam-1,kuliner,16,Eastern Europe,419,52.968838,37.152038,52.780142,36.295718,23.846232,23.082603,15.240426
sarvam,sarvamai/sarvam-1,kuliner,17,Central Asia,39,47.241483,49.821176,42.387996,67.577851,19.441851,21.691325,11.319115
sarvam,sarvamai/sarvam-1,kuliner,18,Southern Asia,309,31.400377,71.43363,22.646835,79.637141,22.006942,20.770205,15.996692
sarvam,sarvamai/sarvam-1,kuliner,19,Western Europe,489,59.549635,6.691065,50.903772,3.851249,24.645399,20.48574,15.288239
croissantLLM,croissantllm/CroissantLLMBase,musik,1,Oceania,32,33.822436,13.726863,-31.548551,162.845954,88.850452,102.736797,49.922868
croissantLLM,croissantllm/CroissantLLMBase,musik,2,Southern America,218,20.012144,-30.705922,-10.68919,-65.807841,47.391741,55.98341,37.890944
croissantLLM,croissantllm/CroissantLLMBase,musik,3,Caribbean,129,36.75283,-25.283122,17.395202,-67.78758,44.938693,52.460692,32.438329
croissantLLM,croissantllm/CroissantLLMBase,musik,4,South Eastern Asia,159,31.645741,71.454882,8.440266,108.371997,42.197648,50.343829,34.919839
croissantLLM,croissantllm/CroissantLLMBase,musik,5,Central America,74,22.550721,-50.732124,13.37742,-86.216545,52.358233,50.04818,37.467242
croissantLLM,croissantllm/CroissantLLMBase,musik,6,Northern America,47,42.440499,-46.093571,37.69501,-100.250661,41.431056,49.249795,24.26102
croissantLLM,croissantllm/CroissantLLMBase,musik,7,Southern Africa,41,11.731513,20.811062,-24.804029,24.852014,39.669552,45.782053,27.658104
croissantLLM,croissantllm/CroissantLLMBase,musik,8,Eastern Africa,104,19.041662,20.148158,-3.718846,40.171622,35.9649,40.336435,24.533547
croissantLLM,croissantllm/CroissantLLMBase,musik,9,Southern Asia,107,34.52436,57.737259,24.838924,80.412856,38.805156,37.373289,26.369522
croissantLLM,croissantllm/CroissantLLMBase,musik,10,Western Africa,128,21.210669,11.89501,12.024066,-5.797003,37.710827,36.393148,20.89479
croissantLLM,croissantllm/CroissantLLMBase,musik,11,Eastern Asia,98,40.180912,90.079901,35.155586,119.270317,39.305329,36.026313,30.197702
croissantLLM,croissantllm/CroissantLLMBase,musik,12,Western Asia,182,41.530634,28.699455,29.586421,43.880283,35.127093,32.856123,24.092475
croissantLLM,croissantllm/CroissantLLMBase,musik,13,Northern Africa,104,34.29901,23.812512,27.392999,11.835831,32.092745,30.019247,18.124908
croissantLLM,croissantllm/CroissantLLMBase,musik,14,Central Africa,116,10.907651,16.704912,0.678537,20.150077,33.221015,28.369139,20.347754
croissantLLM,croissantllm/CroissantLLMBase,musik,15,Eastern Europe,221,44.86474,28.268984,49.150627,32.974221,30.356435,25.385601,19.064939
croissantLLM,croissantllm/CroissantLLMBase,musik,16,Central Asia,69,44.181681,52.468534,41.573757,67.881866,26.326778,24.576279,14.237603
croissantLLM,croissantllm/CroissantLLMBase,musik,17,Southern Europe,201,41.906863,5.964367,42.304878,11.515147,31.454874,23.768314,15.845891
croissantLLM,croissantllm/CroissantLLMBase,musik,18,Northern Europe,129,54.170461,16.16076,58.847831,15.187672,27.881665,22.846132,14.694087
croissantLLM,croissantllm/CroissantLLMBase,musik,19,Western Europe,155,49.911835,1.681427,50.444449,5.318562,25.056362,20.312113,13.140025
gemma,google/gemma-3-4b-pt,musik,1,Oceania,32,-22.361956,92.201919,-31.548551,162.845954,81.376415,79.379529,49.560068
gemma,google/gemma-3-4b-pt,musik,2,Caribbean,129,29.942222,-30.441617,17.395202,-67.78758,51.328321,52.523533,34.367109
gemma,google/gemma-3-4b-pt,musik,3,Southern America,218,12.745655,-42.687157,-10.68919,-65.807841,56.56494,52.153196,41.044558
gemma,google/gemma-3-4b-pt,musik,4,Northern America,47,44.475958,-70.230488,37.69501,-100.250661,53.838531,45.65294,29.900293
gemma,google/gemma-3-4b-pt,musik,5,South Eastern Asia,159,24.008163,78.571365,8.440266,108.371997,45.000715,45.271229,35.058272
gemma,google/gemma-3-4b-pt,musik,6,Southern Asia,107,31.37716,54.479223,24.838924,80.412856,48.021048,41.858796,36.354238
gemma,google/gemma-3-4b-pt,musik,7,Western Africa,128,23.689261,6.275368,12.024066,-5.797003,47.984865,41.353454,29.239701
gemma,google/gemma-3-4b-pt,musik,8,Central America,74,22.99471,-57.786111,13.37742,-86.216545,43.392371,40.684988,33.703648
gemma,google/gemma-3-4b-pt,musik,9,Eastern Africa,104,12.742233,22.531319,-3.718846,40.171622,38.966139,39.522624,23.699584
gemma,google/gemma-3-4b-pt,musik,10,Central Africa,116,3.268495,20.961308,0.678537,20.150077,44.793557,37.114031,25.025744
gemma,google/gemma-3-4b-pt,musik,11,Northern Africa,104,33.280583,33.029364,27.392999,11.835831,38.363101,36.484761,24.187164
gemma,google/gemma-3-4b-pt,musik,12,Eastern Asia,98,40.77709,95.426415,35.155586,119.270317,47.365255,35.973158,35.640359
gemma,google/gemma-3-4b-pt,musik,13,Southern Africa,41,-5.048285,24.624128,-24.804029,24.852014,40.760524,35.178548,27.669106
gemma,google/gemma-3-4b-pt,musik,14,Central Asia,69,47.516128,50.477185,41.573757,67.881866,37.828706,31.699043,26.021478
gemma,google/gemma-3-4b-pt,musik,15,Western Asia,182,38.72596,37.765606,29.586421,43.880283,33.088122,31.277354,19.005454
gemma,google/gemma-3-4b-pt,musik,16,Eastern Europe,221,45.960164,30.946869,49.150627,32.974221,36.934378,30.393535,22.974554
gemma,google/gemma-3-4b-pt,musik,17,Southern Europe,201,41.701346,4.032416,42.304878,11.515147,36.864939,27.063133,21.742274
gemma,google/gemma-3-4b-pt,musik,18,Western Europe,155,49.137797,-3.983835,50.444449,5.318562,28.598905,23.83931,15.929985
gemma,google/gemma-3-4b-pt,musik,19,Northern Europe,129,55.649888,16.780907,58.847831,15.187672,28.082217,21.326084,16.146127
kanana,kakaocorp/kanana-nano-2.1b-base,musik,1,Oceania,32,36.654242,63.120655,-31.548551,162.845954,89.117949,92.887266,48.765917
kanana,kakaocorp/kanana-nano-2.1b-base,musik,2,Southern America,218,20.557611,-30.406227,-10.68919,-65.807841,54.499741,60.560507,39.902609
kanana,kakaocorp/kanana-nano-2.1b-base,musik,3,Central America,74,19.771931,-43.845406,13.37742,-86.216545,54.693449,55.481114,42.258187
kanana,kakaocorp/kanana-nano-2.1b-base,musik,4,Caribbean,129,36.412123,-34.977341,17.395202,-67.78758,54.00874,53.191916,36.644582
kanana,kakaocorp/kanana-nano-2.1b-base,musik,5,Northern America,47,40.015405,-53.181498,37.69501,-100.250661,51.424753,52.299217,30.335146
kanana,kakaocorp/kanana-nano-2.1b-base,musik,6,South Eastern Asia,159,26.069423,76.450108,8.440266,108.371997,51.105322,50.870109,35.819413
kanana,kakaocorp/kanana-nano-2.1b-base,musik,7,Western Africa,128,25.396498,19.503149,12.024066,-5.797003,52.243856,47.785307,30.170545
kanana,kakaocorp/kanana-nano-2.1b-base,musik,8,Southern Africa,41,6.712999,19.582648,-24.804029,24.852014,47.338257,45.824967,33.549659
kanana,kakaocorp/kanana-nano-2.1b-base,musik,9,Eastern Africa,104,12.315404,24.238023,-3.718846,40.171622,45.692596,43.242765,28.026894
kanana,kakaocorp/kanana-nano-2.1b-base,musik,10,Southern Asia,107,29.036729,50.893524,24.838924,80.412856,42.457617,41.597838,28.523692
kanana,kakaocorp/kanana-nano-2.1b-base,musik,11,Eastern Asia,98,44.39126,88.630865,35.155586,119.270317,47.728891,40.909764,35.405773
kanana,kakaocorp/kanana-nano-2.1b-base,musik,12,Western Asia,182,32.561714,43.814807,29.586421,43.880283,52.09727,37.699321,36.684842
kanana,kakaocorp/kanana-nano-2.1b-base,musik,13,Northern Africa,104,35.123613,32.736168,27.392999,11.835831,43.19162,36.7531,26.772481
kanana,kakaocorp/kanana-nano-2.1b-base,musik,14,Central Africa,116,10.596325,17.989608,0.678537,20.150077,39.032829,33.653644,21.163299
kanana,kakaocorp/kanana-nano-2.1b-base,musik,15,Eastern Europe,221,45.224683,28.295401,49.150627,32.974221,37.346767,31.797186,22.527659
kanana,kakaocorp/kanana-nano-2.1b-base,musik,16,Central Asia,69,44.072358,53.564116,41.573757,67.881866,40.602262,31.574024,28.133806
kanana,kakaocorp/kanana-nano-2.1b-base,musik,17,Southern Europe,201,41.836199,1.527186,42.304878,11.515147,40.061697,31.455245,22.702662
kanana,kakaocorp/kanana-nano-2.1b-base,musik,18,Northern Europe,129,51.827883,18.646933,58.847831,15.187672,37.725229,30.4586,21.022794
kanana,kakaocorp/kanana-nano-2.1b-base,musik,19,Western Europe,155,47.987675,-2.278499,50.444449,5.318562,30.731317,26.039094,16.796049
llama,meta-llama/Llama-3.2-3B,musik,1,Oceania,32,12.05334,43.221845,-31.548551,162.845954,86.993503,89.731145,56.560693
llama,meta-llama/Llama-3.2-3B,musik,2,Southern America,218,17.119502,-40.233781,-10.68919,-65.807841,50.461378,51.743655,39.747481
llama,meta-llama/Llama-3.2-3B,musik,3,Caribbean,129,37.382516,-33.700368,17.395202,-67.78758,47.129181,50.132661,32.554608
llama,meta-llama/Llama-3.2-3B,musik,4,South Eastern Asia,159,28.073283,75.103801,8.440266,108.371997,44.304115,47.454798,37.211795
llama,meta-llama/Llama-3.2-3B,musik,5,Northern America,47,51.350327,-55.847669,37.69501,-100.250661,44.122998,46.718911,27.693077
llama,meta-llama/Llama-3.2-3B,musik,6,Central America,74,23.614565,-51.966398,13.37742,-86.216545,46.606967,44.685354,37.429759
llama,meta-llama/Llama-3.2-3B,musik,7,Eastern Africa,104,12.938896,24.422276,-3.718846,40.171622,35.744417,36.448008,22.516999
llama,meta-llama/Llama-3.2-3B,musik,8,Eastern Asia,98,39.087213,95.043363,35.155586,119.270317,42.762364,35.605904,32.480526
llama,meta-llama/Llama-3.2-3B,musik,9,Western Africa,128,18.140067,8.073062,12.024066,-5.797003,38.682713,34.306315,20.949126
llama,meta-llama/Llama-3.2-3B,musik,10,Southern Africa,41,1.481816,27.833037,-24.804029,24.852014,31.876506,33.929405,23.997765
llama,meta-llama/Llama-3.2-3B,musik,11,Southern Asia,107,30.792487,52.337188,24.838924,80.412856,30.557208,33.632646,23.312418
llama,meta-llama/Llama-3.2-3B,musik,12,Central Africa,116,9.284682,19.476146,0.678537,20.150077,34.953384,29.306654,19.571583
llama,meta-llama/Llama-3.2-3B,musik,13,Northern Africa,104,34.077224,25.081643,27.392999,11.835831,25.941373,27.474806,16.480445
llama,meta-llama/Llama-3.2-3B,musik,14,Western Asia,182,39.351361,32.176655,29.586421,43.880283,30.487802,27.050944,23.185763
llama,meta-llama/Llama-3.2-3B,musik,15,Central Asia,69,43.762999,51.112767,41.573757,67.881866,28.51483,26.314095,15.886775
llama,meta-llama/Llama-3.2-3B,musik,16,Southern Europe,201,41.265625,5.862026,42.304878,11.515147,34.207799,25.711873,17.977814
llama,meta-llama/Llama-3.2-3B,musik,17,Eastern Europe,221,45.352487,25.938673,49.150627,32.974221,27.926379,24.723875,18.249179
llama,meta-llama/Llama-3.2-3B,musik,18,Northern Europe,129,53.051296,19.019191,58.847831,15.187672,26.252282,21.507537,13.702406
llama,meta-llama/Llama-3.2-3B,musik,19,Western Europe,155,49.490318,1.033357,50.444449,5.318562,24.588371,20.617092,13.059285
mistral,mistralai/Ministral-3-3B-Base-2512,musik,1,Oceania,32,21.774862,15.870398,-31.548551,162.845954,65.762465,119.909107,40.549419
mistral,mistralai/Ministral-3-3B-Base-2512,musik,2,Caribbean,129,30.661362,-29.468384,17.395202,-67.78758,53.930899,55.722119,32.48603
mistral,mistralai/Ministral-3-3B-Base-2512,musik,3,Southern America,218,14.637392,-41.347301,-10.68919,-65.807841,56.643689,54.330973,39.529409
mistral,mistralai/Ministral-3-3B-Base-2512,musik,4,Central America,74,23.483355,-53.151701,13.37742,-86.216545,57.41285,52.27281,40.333019
mistral,mistralai/Ministral-3-3B-Base-2512,musik,5,Northern America,47,49.768753,-61.792281,37.69501,-100.250661,54.571046,50.720231,35.051961
mistral,mistralai/Ministral-3-3B-Base-2512,musik,6,South Eastern Asia,159,28.886085,80.216187,8.440266,108.371997,51.058155,48.530979,37.175142
mistral,mistralai/Ministral-3-3B-Base-2512,musik,7,Western Africa,128,21.423938,7.226321,12.024066,-5.797003,48.713675,44.484558,26.482611
mistral,mistralai/Ministral-3-3B-Base-2512,musik,8,Southern Asia,107,31.464058,52.638462,24.838924,80.412856,47.385406,44.145347,33.897391
mistral,mistralai/Ministral-3-3B-Base-2512,musik,9,Eastern Asia,98,43.340553,90.167791,35.155586,119.270317,50.050035,42.506825,35.829586
mistral,mistralai/Ministral-3-3B-Base-2512,musik,10,Southern Africa,41,0.626532,16.758012,-24.804029,24.852014,46.300765,41.475315,31.952373
mistral,mistralai/Ministral-3-3B-Base-2512,musik,11,Central Africa,116,17.574593,17.492317,0.678537,20.150077,44.461146,39.03274,24.730207
mistral,mistralai/Ministral-3-3B-Base-2512,musik,12,Eastern Africa,104,11.880149,26.000756,-3.718846,40.171622,42.212254,38.409592,25.675769
mistral,mistralai/Ministral-3-3B-Base-2512,musik,13,Northern Africa,104,33.732376,31.405103,27.392999,11.835831,36.790088,35.134943,22.487805
mistral,mistralai/Ministral-3-3B-Base-2512,musik,14,Eastern Europe,221,45.540313,25.795862,49.150627,32.974221,40.855265,34.100496,23.834391
mistral,mistralai/Ministral-3-3B-Base-2512,musik,15,Western Asia,182,31.79001,38.04582,29.586421,43.880283,38.925761,32.736138,24.778426
mistral,mistralai/Ministral-3-3B-Base-2512,musik,16,Central Asia,69,42.592543,51.708674,41.573757,67.881866,38.360163,31.654054,26.545649
mistral,mistralai/Ministral-3-3B-Base-2512,musik,17,Northern Europe,129,54.142755,20.536691,58.847831,15.187672,38.201135,30.721054,21.3026
mistral,mistralai/Ministral-3-3B-Base-2512,musik,18,Southern Europe,201,42.531716,7.81105,42.304878,11.515147,39.540276,30.638223,20.69069
mistral,mistralai/Ministral-3-3B-Base-2512,musik,19,Western Europe,155,50.664242,-0.560052,50.444449,5.318562,36.548509,29.040456,21.403648
qwen,Qwen/Qwen2.5-3B,musik,1,Oceania,32,-7.267197,33.124684,-31.548551,162.845954,79.671369,92.684523,57.802175
qwen,Qwen/Qwen2.5-3B,musik,2,Southern America,218,19.070509,-37.179078,-10.68919,-65.807841,49.368107,52.631368,38.166703
qwen,Qwen/Qwen2.5-3B,musik,3,Caribbean,129,31.04344,-32.510679,17.395202,-67.78758,46.846412,49.394502,32.71015
qwen,Qwen/Qwen2.5-3B,musik,4,Central America,74,25.565574,-47.355297,13.37742,-86.216545,45.593819,49.118558,34.881207
qwen,Qwen/Qwen2.5-3B,musik,5,Northern America,47,46.742392,-56.080453,37.69501,-100.250661,46.165926,46.90569,28.749438
qwen,Qwen/Qwen2.5-3B,musik,6,South Eastern Asia,159,26.647688,77.928784,8.440266,108.371997,44.585876,44.770364,36.486721
qwen,Qwen/Qwen2.5-3B,musik,7,Southern Africa,41,3.490224,21.597438,-24.804029,24.852014,39.663593,39.752174,28.163671
qwen,Qwen/Qwen2.5-3B,musik,8,Eastern Africa,104,16.6302,22.583494,-3.718846,40.171622,36.203277,39.367045,21.94573
qwen,Qwen/Qwen2.5-3B,musik,9,Southern Asia,107,36.01429,54.517642,24.838924,80.412856,36.431745,36.8245,24.847945
qwen,Qwen/Qwen2.5-3B,musik,10,Western Africa,128,22.847089,10.543555,12.024066,-5.797003,36.571553,34.800457,21.840443
qwen,Qwen/Qwen2.5-3B,musik,11,Eastern Asia,98,40.789715,89.702375,35.155586,119.270317,39.329244,34.718044,32.601846
qwen,Qwen/Qwen2.5-3B,musik,12,Central Africa,116,12.506536,22.305357,0.678537,20.150077,38.183537,32.098369,22.95338
qwen,Qwen/Qwen2.5-3B,musik,13,Western Asia,182,40.178653,28.712538,29.586421,43.880283,35.288358,32.070636,25.188691
qwen,Qwen/Qwen2.5-3B,musik,14,Northern Africa,104,34.229061,19.465362,27.392999,11.835831,34.313574,30.045673,20.687678
qwen,Qwen/Qwen2.5-3B,musik,15,Eastern Europe,221,45.512839,27.422546,49.150627,32.974221,32.263916,26.397003,20.734191
qwen,Qwen/Qwen2.5-3B,musik,16,Central Asia,69,43.591138,53.059497,41.573757,67.881866,29.533636,25.70779,18.850737
qwen,Qwen/Qwen2.5-3B,musik,17,Southern Europe,201,39.594311,0.239797,42.304878,11.515147,34.666609,25.573589,21.045232
qwen,Qwen/Qwen2.5-3B,musik,18,Northern Europe,129,53.485018,22.029785,58.847831,15.187672,26.180936,20.790938,15.511679
qwen,Qwen/Qwen2.5-3B,musik,19,Western Europe,155,47.359522,-3.290895,50.444449,5.318562,24.09537,19.221548,14.487362
sarvam,sarvamai/sarvam-1,musik,1,Oceania,32,19.37554,33.131208,-31.548551,162.845954,66.052946,109.289296,40.774859
sarvam,sarvamai/sarvam-1,musik,2,Southern America,218,20.884806,-28.448656,-10.68919,-65.807841,45.877915,56.294383,36.446884
sarvam,sarvamai/sarvam-1,musik,3,Northern America,47,43.019756,-37.220315,37.69501,-100.250661,42.918523,54.866953,30.89511
sarvam,sarvamai/sarvam-1,musik,4,Central America,74,30.140368,-38.521219,13.37742,-86.216545,42.119729,52.031914,35.928274
sarvam,sarvamai/sarvam-1,musik,5,South Eastern Asia,159,30.66605,69.006237,8.440266,108.371997,38.584991,49.504642,34.232351
sarvam,sarvamai/sarvam-1,musik,6,Caribbean,129,35.703819,-27.793417,17.395202,-67.78758,40.371669,48.080214,30.032796
sarvam,sarvamai/sarvam-1,musik,7,Southern Africa,41,15.920287,14.724805,-24.804029,24.852014,32.759057,47.43904,23.490825
sarvam,sarvamai/sarvam-1,musik,8,Eastern Asia,98,41.507934,72.085419,35.155586,119.270317,36.883687,43.129166,31.754592
sarvam,sarvamai/sarvam-1,musik,9,Eastern Africa,104,20.524448,24.059562,-3.718846,40.171622,30.68687,38.167025,18.249103
sarvam,sarvamai/sarvam-1,musik,10,Southern Asia,107,33.273616,47.724308,24.838924,80.412856,25.32195,34.735635,18.776587
sarvam,sarvamai/sarvam-1,musik,11,Western Africa,128,24.703341,14.993385,12.024066,-5.797003,30.09041,33.065063,17.670435
sarvam,sarvamai/sarvam-1,musik,12,Central Africa,116,15.310728,13.38707,0.678537,20.150077,31.971966,30.390733,17.010571
sarvam,sarvamai/sarvam-1,musik,13,Northern Africa,104,35.783842,29.479599,27.392999,11.835831,21.232413,26.145533,13.679301
sarvam,sarvamai/sarvam-1,musik,14,Central Asia,69,45.111879,43.940415,41.573757,67.881866,24.511969,25.63674,15.200549
sarvam,sarvamai/sarvam-1,musik,15,Western Asia,182,37.961945,35.270229,29.586421,43.880283,21.605848,22.926572,12.250497
sarvam,sarvamai/sarvam-1,musik,16,Southern Europe,201,39.410989,2.307732,42.304878,11.515147,30.71947,22.678351,17.135375
sarvam,sarvamai/sarvam-1,musik,17,Eastern Europe,221,42.582315,25.023887,49.150627,32.974221,21.300092,20.992085,14.177578
sarvam,sarvamai/sarvam-1,musik,18,Northern Europe,129,49.637772,21.630184,58.847831,15.187672,24.045884,20.713899,13.618791
sarvam,sarvamai/sarvam-1,musik,19,Western Europe,155,48.183398,1.266772,50.444449,5.318562,22.240662,18.047747,12.558076
