model,model_id,domain,row_order,Region,Avg_Error,Bias_Ratio,Mechanism_2x2
croissantLLM,croissantllm/CroissantLLMBase,kuliner,1,Oceania,128.633509,0.594762,"Systematic Bias (error tinggi, terarah)"
croissantLLM,croissantllm/CroissantLLMBase,kuliner,2,Southern America,70.762114,0.498227,"Systematic Bias (error tinggi, terarah)"
croissantLLM,croissantllm/CroissantLLMBase,kuliner,3,Southern Africa,70.316857,0.711037,"Systematic Bias (error tinggi, terarah)"
croissantLLM,croissantllm/CroissantLLMBase,kuliner,4,Caribbean,63.496364,0.617227,"Systematic Bias (error tinggi, terarah)"
croissantLLM,croissantllm/CroissantLLMBase,kuliner,5,Western Africa,51.437461,0.494978,"Systematic Bias (error tinggi, terarah)"
croissantLLM,croissantllm/CroissantLLMBase,kuliner,6,Central Africa,50.258237,0.271835,"Random Confusion (error tinggi, acak)"
croissantLLM,croissantllm/CroissantLLMBase,kuliner,7,Central America,45.85818,0.518316,"Systematic Bias (error tinggi, terarah)"
croissantLLM,croissantllm/CroissantLLMBase,kuliner,8,Northern America,44.931213,0.500859,"Systematic Bias (error tinggi, terarah)"
croissantLLM,croissantllm/CroissantLLMBase,kuliner,9,Eastern Africa,44.675018,0.426455,"Systematic Bias (error tinggi, terarah)"
croissantLLM,croissantllm/CroissantLLMBase,kuliner,10,South Eastern Asia,40.196395,0.314511,"Minor Consistent Drift (error rendah, sedikit terarah)"
croissantLLM,croissantllm/CroissantLLMBase,kuliner,11,Southern Europe,28.603127,0.066429,"Well-Calibrated (error rendah, acak)"
croissantLLM,croissantllm/CroissantLLMBase,kuliner,12,Northern Africa,26.662878,0.281987,"Well-Calibrated (error rendah, acak)"
croissantLLM,croissantllm/CroissantLLMBase,kuliner,13,Western Europe,25.832092,0.091742,"Well-Calibrated (error rendah, acak)"
croissantLLM,croissantllm/CroissantLLMBase,kuliner,14,Western Asia,25.548848,0.136616,"Well-Calibrated (error rendah, acak)"
croissantLLM,croissantllm/CroissantLLMBase,kuliner,15,Eastern Europe,25.461954,0.03676,"Well-Calibrated (error rendah, acak)"
croissantLLM,croissantllm/CroissantLLMBase,kuliner,16,Eastern Asia,25.239952,0.165348,"Well-Calibrated (error rendah, acak)"
croissantLLM,croissantllm/CroissantLLMBase,kuliner,17,Central Asia,24.647525,0.109716,"Well-Calibrated (error rendah, acak)"
croissantLLM,croissantllm/CroissantLLMBase,kuliner,18,Northern Europe,24.482656,0.049351,"Well-Calibrated (error rendah, acak)"
croissantLLM,croissantllm/CroissantLLMBase,kuliner,19,Southern Asia,23.222457,0.164772,"Well-Calibrated (error rendah, acak)"
gemma,google/gemma-3-4b-pt,kuliner,1,Oceania,119.87194,0.345531,"Systematic Bias (error tinggi, terarah)"
gemma,google/gemma-3-4b-pt,kuliner,2,Caribbean,67.894489,0.438633,"Systematic Bias (error tinggi, terarah)"
gemma,google/gemma-3-4b-pt,kuliner,3,Southern America,58.524263,0.423814,"Systematic Bias (error tinggi, terarah)"
gemma,google/gemma-3-4b-pt,kuliner,4,Western Africa,45.759384,0.453596,"Systematic Bias (error tinggi, terarah)"
gemma,google/gemma-3-4b-pt,kuliner,5,Central Africa,45.425158,0.130471,"Random Confusion (error tinggi, acak)"
gemma,google/gemma-3-4b-pt,kuliner,6,Northern America,40.981544,0.288828,"Systematic Bias (error tinggi, terarah)"
gemma,google/gemma-3-4b-pt,kuliner,7,Eastern Africa,40.90824,0.280382,"Systematic Bias (error tinggi, terarah)"
gemma,google/gemma-3-4b-pt,kuliner,8,Central America,37.637763,0.339852,"Systematic Bias (error tinggi, terarah)"
gemma,google/gemma-3-4b-pt,kuliner,9,Southern Africa,35.107462,0.464144,"Systematic Bias (error tinggi, terarah)"
gemma,google/gemma-3-4b-pt,kuliner,10,Central Asia,33.658435,0.1831,"Well-Calibrated (error rendah, acak)"
gemma,google/gemma-3-4b-pt,kuliner,11,South Eastern Asia,33.372305,0.183798,"Minor Consistent Drift (error rendah, sedikit terarah)"
gemma,google/gemma-3-4b-pt,kuliner,12,Northern Africa,31.169682,0.161285,"Well-Calibrated (error rendah, acak)"
gemma,google/gemma-3-4b-pt,kuliner,13,Southern Europe,30.299648,0.031483,"Well-Calibrated (error rendah, acak)"
gemma,google/gemma-3-4b-pt,kuliner,14,Northern Europe,27.448446,0.063796,"Well-Calibrated (error rendah, acak)"
gemma,google/gemma-3-4b-pt,kuliner,15,Eastern Europe,27.328719,0.07318,"Well-Calibrated (error rendah, acak)"
gemma,google/gemma-3-4b-pt,kuliner,16,Western Europe,27.219781,0.059269,"Well-Calibrated (error rendah, acak)"
gemma,google/gemma-3-4b-pt,kuliner,17,Western Asia,25.307742,0.09848,"Well-Calibrated (error rendah, acak)"
gemma,google/gemma-3-4b-pt,kuliner,18,Eastern Asia,24.729109,0.085781,"Well-Calibrated (error rendah, acak)"
gemma,google/gemma-3-4b-pt,kuliner,19,Southern Asia,24.559296,0.027883,"Well-Calibrated (error rendah, acak)"
kanana,kakaocorp/kanana-nano-2.1b-base,kuliner,1,Oceania,120.275262,0.615918,"Systematic Bias (error tinggi, terarah)"
kanana,kakaocorp/kanana-nano-2.1b-base,kuliner,2,Caribbean,78.607019,0.59676,"Systematic Bias (error tinggi, terarah)"
kanana,kakaocorp/kanana-nano-2.1b-base,kuliner,3,Southern America,70.468126,0.377266,"Systematic Bias (error tinggi, terarah)"
kanana,kakaocorp/kanana-nano-2.1b-base,kuliner,4,Southern Africa,64.110174,0.547633,"Systematic Bias (error tinggi, terarah)"
kanana,kakaocorp/kanana-nano-2.1b-base,kuliner,5,Western Africa,62.610772,0.407139,"Systematic Bias (error tinggi, terarah)"
kanana,kakaocorp/kanana-nano-2.1b-base,kuliner,6,Central America,49.762941,0.32373,"Systematic Bias (error tinggi, terarah)"
kanana,kakaocorp/kanana-nano-2.1b-base,kuliner,7,Northern America,47.61376,0.3531,"Systematic Bias (error tinggi, terarah)"
kanana,kakaocorp/kanana-nano-2.1b-base,kuliner,8,Eastern Africa,46.084381,0.222565,"Random Confusion (error tinggi, acak)"
kanana,kakaocorp/kanana-nano-2.1b-base,kuliner,9,Central Africa,46.025289,0.331354,"Systematic Bias (error tinggi, terarah)"
kanana,kakaocorp/kanana-nano-2.1b-base,kuliner,10,South Eastern Asia,42.90169,0.224986,"Well-Calibrated (error rendah, acak)"
kanana,kakaocorp/kanana-nano-2.1b-base,kuliner,11,Northern Europe,33.90929,0.032865,"Well-Calibrated (error rendah, acak)"
kanana,kakaocorp/kanana-nano-2.1b-base,kuliner,12,Southern Europe,32.798037,0.031121,"Well-Calibrated (error rendah, acak)"
kanana,kakaocorp/kanana-nano-2.1b-base,kuliner,13,Eastern Europe,32.40262,0.015585,"Well-Calibrated (error rendah, acak)"
kanana,kakaocorp/kanana-nano-2.1b-base,kuliner,14,Northern Africa,32.120946,0.289698,"Minor Consistent Drift (error rendah, sedikit terarah)"
kanana,kakaocorp/kanana-nano-2.1b-base,kuliner,15,Western Asia,30.14921,0.064262,"Well-Calibrated (error rendah, acak)"
kanana,kakaocorp/kanana-nano-2.1b-base,kuliner,16,Eastern Asia,29.686024,0.118356,"Well-Calibrated (error rendah, acak)"
kanana,kakaocorp/kanana-nano-2.1b-base,kuliner,17,Western Europe,29.56624,0.052868,"Well-Calibrated (error rendah, acak)"
kanana,kakaocorp/kanana-nano-2.1b-base,kuliner,18,Southern Asia,27.863203,0.086891,"Well-Calibrated (error rendah, acak)"
kanana,kakaocorp/kanana-nano-2.1b-base,kuliner,19,Central Asia,24.363413,0.179324,"Well-Calibrated (error rendah, acak)"
llama,meta-llama/Llama-3.2-3B,kuliner,1,Oceania,127.33543,0.571489,"Systematic Bias (error tinggi, terarah)"
llama,meta-llama/Llama-3.2-3B,kuliner,2,Caribbean,61.814459,0.487633,"Systematic Bias (error tinggi, terarah)"
llama,meta-llama/Llama-3.2-3B,kuliner,3,Southern America,59.437109,0.434381,"Systematic Bias (error tinggi, terarah)"
llama,meta-llama/Llama-3.2-3B,kuliner,4,Western Africa,41.790272,0.324378,"Systematic Bias (error tinggi, terarah)"
llama,meta-llama/Llama-3.2-3B,kuliner,5,Southern Africa,39.883128,0.482818,"Systematic Bias (error tinggi, terarah)"
llama,meta-llama/Llama-3.2-3B,kuliner,6,Eastern Africa,38.80685,0.394067,"Systematic Bias (error tinggi, terarah)"
llama,meta-llama/Llama-3.2-3B,kuliner,7,Central Africa,36.345953,0.323868,"Systematic Bias (error tinggi, terarah)"
llama,meta-llama/Llama-3.2-3B,kuliner,8,Northern America,36.086485,0.358744,"Systematic Bias (error tinggi, terarah)"
llama,meta-llama/Llama-3.2-3B,kuliner,9,Central America,35.139097,0.327376,"Systematic Bias (error tinggi, terarah)"
llama,meta-llama/Llama-3.2-3B,kuliner,10,South Eastern Asia,30.851432,0.232137,"Well-Calibrated (error rendah, acak)"
llama,meta-llama/Llama-3.2-3B,kuliner,11,Northern Africa,25.784546,0.211984,"Well-Calibrated (error rendah, acak)"
llama,meta-llama/Llama-3.2-3B,kuliner,12,Central Asia,23.758318,0.089437,"Well-Calibrated (error rendah, acak)"
llama,meta-llama/Llama-3.2-3B,kuliner,13,Southern Europe,23.138242,0.040738,"Well-Calibrated (error rendah, acak)"
llama,meta-llama/Llama-3.2-3B,kuliner,14,Eastern Europe,22.581585,0.042921,"Well-Calibrated (error rendah, acak)"
llama,meta-llama/Llama-3.2-3B,kuliner,15,Western Europe,22.476801,0.053809,"Well-Calibrated (error rendah, acak)"
llama,meta-llama/Llama-3.2-3B,kuliner,16,Eastern Asia,22.273141,0.099496,"Well-Calibrated (error rendah, acak)"
llama,meta-llama/Llama-3.2-3B,kuliner,17,Northern Europe,22.243916,0.027388,"Well-Calibrated (error rendah, acak)"
llama,meta-llama/Llama-3.2-3B,kuliner,18,Western Asia,21.670447,0.175903,"Well-Calibrated (error rendah, acak)"
llama,meta-llama/Llama-3.2-3B,kuliner,19,Southern Asia,21.074157,0.091896,"Well-Calibrated (error rendah, acak)"
mistral,mistralai/Ministral-3-3B-Base-2512,kuliner,1,Oceania,123.121652,0.383286,"Systematic Bias (error tinggi, terarah)"
mistral,mistralai/Ministral-3-3B-Base-2512,kuliner,2,Caribbean,71.351831,0.300261,"Systematic Bias (error tinggi, terarah)"
mistral,mistralai/Ministral-3-3B-Base-2512,kuliner,3,Southern America,69.337494,0.327891,"Systematic Bias (error tinggi, terarah)"
mistral,mistralai/Ministral-3-3B-Base-2512,kuliner,4,Southern Africa,62.026868,0.489844,"Systematic Bias (error tinggi, terarah)"
mistral,mistralai/Ministral-3-3B-Base-2512,kuliner,5,Western Africa,57.705362,0.291913,"Systematic Bias (error tinggi, terarah)"
mistral,mistralai/Ministral-3-3B-Base-2512,kuliner,6,Northern America,49.589402,0.32764,"Systematic Bias (error tinggi, terarah)"
mistral,mistralai/Ministral-3-3B-Base-2512,kuliner,7,South Eastern Asia,47.849803,0.293572,"Systematic Bias (error tinggi, terarah)"
mistral,mistralai/Ministral-3-3B-Base-2512,kuliner,8,Central America,47.282856,0.312906,"Systematic Bias (error tinggi, terarah)"
mistral,mistralai/Ministral-3-3B-Base-2512,kuliner,9,Central Africa,47.211143,0.085416,"Random Confusion (error tinggi, acak)"
mistral,mistralai/Ministral-3-3B-Base-2512,kuliner,10,Eastern Africa,37.940229,0.338064,"Minor Consistent Drift (error rendah, sedikit terarah)"
mistral,mistralai/Ministral-3-3B-Base-2512,kuliner,11,Southern Europe,37.12352,0.059735,"Well-Calibrated (error rendah, acak)"
mistral,mistralai/Ministral-3-3B-Base-2512,kuliner,12,Northern Africa,36.791503,0.175906,"Well-Calibrated (error rendah, acak)"
mistral,mistralai/Ministral-3-3B-Base-2512,kuliner,13,Northern Europe,34.96682,0.06711,"Well-Calibrated (error rendah, acak)"
mistral,mistralai/Ministral-3-3B-Base-2512,kuliner,14,Southern Asia,34.792806,0.119579,"Well-Calibrated (error rendah, acak)"
mistral,mistralai/Ministral-3-3B-Base-2512,kuliner,15,Eastern Europe,33.386124,0.0394,"Well-Calibrated (error rendah, acak)"
mistral,mistralai/Ministral-3-3B-Base-2512,kuliner,16,Western Europe,33.104879,0.08231,"Well-Calibrated (error rendah, acak)"
mistral,mistralai/Ministral-3-3B-Base-2512,kuliner,17,Eastern Asia,31.975289,0.128791,"Well-Calibrated (error rendah, acak)"
mistral,mistralai/Ministral-3-3B-Base-2512,kuliner,18,Western Asia,30.770182,0.070056,"Well-Calibrated (error rendah, acak)"
mistral,mistralai/Ministral-3-3B-Base-2512,kuliner,19,Central Asia,26.214043,0.179112,"Well-Calibrated (error rendah, acak)"
qwen,Qwen/Qwen2.5-3B,kuliner,1,Oceania,128.969506,0.560128,"Systematic Bias (error tinggi, terarah)"
qwen,Qwen/Qwen2.5-3B,kuliner,2,Caribbean,70.286625,0.490568,"Systematic Bias (error tinggi, terarah)"
qwen,Qwen/Qwen2.5-3B,kuliner,3,Southern America,60.86119,0.506978,"Systematic Bias (error tinggi, terarah)"
qwen,Qwen/Qwen2.5-3B,kuliner,4,Southern Africa,50.721329,0.598201,"Systematic Bias (error tinggi, terarah)"
qwen,Qwen/Qwen2.5-3B,kuliner,5,Western Africa,50.049154,0.454461,"Systematic Bias (error tinggi, terarah)"
qwen,Qwen/Qwen2.5-3B,kuliner,6,Central Africa,46.249674,0.311246,"Random Confusion (error tinggi, acak)"
qwen,Qwen/Qwen2.5-3B,kuliner,7,Central America,41.48682,0.358176,"Systematic Bias (error tinggi, terarah)"
qwen,Qwen/Qwen2.5-3B,kuliner,8,Eastern Africa,40.410127,0.334005,"Systematic Bias (error tinggi, terarah)"
qwen,Qwen/Qwen2.5-3B,kuliner,9,Northern America,40.22141,0.365744,"Systematic Bias (error tinggi, terarah)"
qwen,Qwen/Qwen2.5-3B,kuliner,10,South Eastern Asia,36.74428,0.258588,"Well-Calibrated (error rendah, acak)"
qwen,Qwen/Qwen2.5-3B,kuliner,11,Central Asia,29.32479,0.335697,"Minor Consistent Drift (error rendah, sedikit terarah)"
qwen,Qwen/Qwen2.5-3B,kuliner,12,Eastern Europe,24.904731,0.09659,"Well-Calibrated (error rendah, acak)"
qwen,Qwen/Qwen2.5-3B,kuliner,13,Southern Europe,24.478434,0.034544,"Well-Calibrated (error rendah, acak)"
qwen,Qwen/Qwen2.5-3B,kuliner,14,Northern Africa,24.150938,0.199422,"Well-Calibrated (error rendah, acak)"
qwen,Qwen/Qwen2.5-3B,kuliner,15,Eastern Asia,23.672496,0.130504,"Well-Calibrated (error rendah, acak)"
qwen,Qwen/Qwen2.5-3B,kuliner,16,Western Europe,23.444142,0.043801,"Well-Calibrated (error rendah, acak)"
qwen,Qwen/Qwen2.5-3B,kuliner,17,Northern Europe,23.230619,0.043742,"Well-Calibrated (error rendah, acak)"
qwen,Qwen/Qwen2.5-3B,kuliner,18,Western Asia,22.638866,0.091146,"Well-Calibrated (error rendah, acak)"
qwen,Qwen/Qwen2.5-3B,kuliner,19,Southern Asia,21.811341,0.107612,"Well-Calibrated (error rendah, acak)"
sarvam,sarvamai/sarvam-1,kuliner,1,Oceania,127.189128,0.743141,"Systematic Bias (error tinggi, terarah)"
sarvam,sarvamai/sarvam-1,kuliner,2,Southern Africa,72.543694,0.777723,"Systematic Bias (error tinggi, terarah)"
sarvam,sarvamai/sarvam-1,kuliner,3,Caribbean,71.857292,0.708854,"Systematic Bias (error tinggi, terarah)"
sarvam,sarvamai/sarvam-1,kuliner,4,Southern America,68.198085,0.66057,"Systematic Bias (error tinggi, terarah)"
sarvam,sarvamai/sarvam-1,kuliner,5,Central Africa,50.419468,0.437053,"Systematic Bias (error tinggi, terarah)"
sarvam,sarvamai/sarvam-1,kuliner,6,Western Africa,48.58073,0.499502,"Systematic Bias (error tinggi, terarah)"
sarvam,sarvamai/sarvam-1,kuliner,7,Eastern Africa,45.751543,0.564315,"Systematic Bias (error tinggi, terarah)"
sarvam,sarvamai/sarvam-1,kuliner,8,Central America,44.93867,0.641796,"Systematic Bias (error tinggi, terarah)"
sarvam,sarvamai/sarvam-1,kuliner,9,Northern America,43.95892,0.552133,"Systematic Bias (error tinggi, terarah)"
sarvam,sarvamai/sarvam-1,kuliner,10,South Eastern Asia,39.837212,0.376249,"Well-Calibrated (error rendah, acak)"
sarvam,sarvamai/sarvam-1,kuliner,11,Northern Africa,27.898414,0.388704,"Well-Calibrated (error rendah, acak)"
sarvam,sarvamai/sarvam-1,kuliner,12,Southern Europe,25.843642,0.061683,"Well-Calibrated (error rendah, acak)"
sarvam,sarvamai/sarvam-1,kuliner,13,Eastern Asia,25.496264,0.19494,"Well-Calibrated (error rendah, acak)"
sarvam,sarvamai/sarvam-1,kuliner,14,Northern Europe,25.067017,0.062644,"Well-Calibrated (error rendah, acak)"
sarvam,sarvamai/sarvam-1,kuliner,15,Western Asia,23.200626,0.196739,"Well-Calibrated (error rendah, acak)"
sarvam,sarvamai/sarvam-1,kuliner,16,Eastern Europe,23.082603,0.049146,"Well-Calibrated (error rendah, acak)"
sarvam,sarvamai/sarvam-1,kuliner,17,Central Asia,21.691325,0.300019,"Well-Calibrated (error rendah, acak)"
sarvam,sarvamai/sarvam-1,kuliner,18,Southern Asia,20.770205,0.200464,"Well-Calibrated (error rendah, acak)"
sarvam,sarvamai/sarvam-1,kuliner,19,Western Europe,20.48574,0.116025,"Well-Calibrated (error rendah, acak)"
croissantLLM,croissantllm/CroissantLLMBase,musik,1,Oceania,102.736797,0.2291,"Random Confusion (error tinggi, acak)"
croissantLLM,croissantllm/CroissantLLMBase,musik,2,Southern America,55.98341,0.444146,"Systematic Bias (error tinggi, terarah)"
croissantLLM,croissantllm/CroissantLLMBase,musik,3,Caribbean,52.460692,0.432196,"Systematic Bias (error tinggi, terarah)"
croissantLLM,croissantllm/CroissantLLMBase,musik,4,South Eastern Asia,50.343829,0.404033,"Systematic Bias (error tinggi, terarah)"
croissantLLM,croissantllm/CroissantLLMBase,musik,5,Central America,50.04818,0.260144,"Systematic Bias (error tinggi, terarah)"
croissantLLM,croissantllm/CroissantLLMBase,musik,6,Northern America,49.249795,0.449868,"Systematic Bias (error tinggi, terarah)"
croissantLLM,croissantllm/CroissantLLMBase,musik,7,Southern Africa,45.782053,0.3852,"Systematic Bias (error tinggi, terarah)"
croissantLLM,croissantllm/CroissantLLMBase,musik,8,Eastern Africa,40.336435,0.373298,"Systematic Bias (error tinggi, terarah)"
croissantLLM,croissantllm/CroissantLLMBase,musik,9,Southern Asia,37.373289,0.234807,"Systematic Bias (error tinggi, terarah)"
croissantLLM,croissantllm/CroissantLLMBase,musik,10,Western Africa,36.393148,0.194389,"Well-Calibrated (error rendah, acak)"
croissantLLM,croissantllm/CroissantLLMBase,musik,11,Eastern Asia,36.026313,0.271776,"Minor Consistent Drift (error rendah, sedikit terarah)"
croissantLLM,croissantllm/CroissantLLMBase,musik,12,Western Asia,32.856123,0.180225,"Well-Calibrated (error rendah, acak)"
croissantLLM,croissantllm/CroissantLLMBase,musik,13,Northern Africa,30.019247,0.131834,"Well-Calibrated (error rendah, acak)"
croissantLLM,croissantllm/CroissantLLMBase,musik,14,Central Africa,28.369139,0.089282,"Well-Calibrated (error rendah, acak)"
croissantLLM,croissantllm/CroissantLLMBase,musik,15,Eastern Europe,25.385601,0.016452,"Well-Calibrated (error rendah, acak)"
croissantLLM,croissantllm/CroissantLLMBase,musik,16,Central Asia,24.576279,0.151952,"Well-Calibrated (error rendah, acak)"
croissantLLM,croissantllm/CroissantLLMBase,musik,17,Southern Europe,23.768314,0.022742,"Well-Calibrated (error rendah, acak)"
croissantLLM,croissantllm/CroissantLLMBase,musik,18,Northern Europe,22.846132,0.026515,"Well-Calibrated (error rendah, acak)"
croissantLLM,croissantllm/CroissantLLMBase,musik,19,Western Europe,20.312113,0.010259,"Well-Calibrated (error rendah, acak)"
gemma,google/gemma-3-4b-pt,musik,1,Oceania,79.379529,0.133054,"Random Confusion (error tinggi, acak)"
gemma,google/gemma-3-4b-pt,musik,2,Caribbean,52.523533,0.297984,"Systematic Bias (error tinggi, terarah)"
gemma,google/gemma-3-4b-pt,musik,3,Southern America,52.153196,0.237952,"Systematic Bias (error tinggi, terarah)"
gemma,google/gemma-3-4b-pt,musik,4,Northern America,45.65294,0.118385,"Random Confusion (error tinggi, acak)"
gemma,google/gemma-3-4b-pt,musik,5,South Eastern Asia,45.271229,0.292372,"Systematic Bias (error tinggi, terarah)"
gemma,google/gemma-3-4b-pt,musik,6,Southern Asia,41.858796,0.22675,"Systematic Bias (error tinggi, terarah)"
gemma,google/gemma-3-4b-pt,musik,7,Western Africa,41.353454,0.097925,"Random Confusion (error tinggi, acak)"
gemma,google/gemma-3-4b-pt,musik,8,Central America,40.684988,0.313469,"Systematic Bias (error tinggi, terarah)"
gemma,google/gemma-3-4b-pt,musik,9,Eastern Africa,39.522624,0.235984,"Systematic Bias (error tinggi, terarah)"
gemma,google/gemma-3-4b-pt,musik,10,Central Africa,37.114031,0.002594,"Well-Calibrated (error rendah, acak)"
gemma,google/gemma-3-4b-pt,musik,11,Northern Africa,36.484761,0.221233,"Minor Consistent Drift (error rendah, sedikit terarah)"
gemma,google/gemma-3-4b-pt,musik,12,Eastern Asia,35.973158,0.161895,"Minor Consistent Drift (error rendah, sedikit terarah)"
gemma,google/gemma-3-4b-pt,musik,13,Southern Africa,35.178548,0.168819,"Minor Consistent Drift (error rendah, sedikit terarah)"
gemma,google/gemma-3-4b-pt,musik,14,Central Asia,31.699043,0.138501,"Well-Calibrated (error rendah, acak)"
gemma,google/gemma-3-4b-pt,musik,15,Western Asia,31.277354,0.084702,"Well-Calibrated (error rendah, acak)"
gemma,google/gemma-3-4b-pt,musik,16,Eastern Europe,30.393535,0.000651,"Well-Calibrated (error rendah, acak)"
gemma,google/gemma-3-4b-pt,musik,17,Southern Europe,27.063133,0.036063,"Well-Calibrated (error rendah, acak)"
gemma,google/gemma-3-4b-pt,musik,18,Western Europe,23.83931,0.049722,"Well-Calibrated (error rendah, acak)"
gemma,google/gemma-3-4b-pt,musik,19,Northern Europe,21.326084,0.022763,"Well-Calibrated (error rendah, acak)"
kanana,kakaocorp/kanana-nano-2.1b-base,musik,1,Oceania,92.887266,0.218564,"Systematic Bias (error tinggi, terarah)"
kanana,kakaocorp/kanana-nano-2.1b-base,musik,2,Southern America,60.560507,0.341986,"Systematic Bias (error tinggi, terarah)"
kanana,kakaocorp/kanana-nano-2.1b-base,musik,3,Central America,55.481114,0.314585,"Systematic Bias (error tinggi, terarah)"
kanana,kakaocorp/kanana-nano-2.1b-base,musik,4,Caribbean,53.191916,0.243713,"Systematic Bias (error tinggi, terarah)"
kanana,kakaocorp/kanana-nano-2.1b-base,musik,5,Northern America,52.299217,0.226965,"Systematic Bias (error tinggi, terarah)"
kanana,kakaocorp/kanana-nano-2.1b-base,musik,6,South Eastern Asia,50.870109,0.243579,"Systematic Bias (error tinggi, terarah)"
kanana,kakaocorp/kanana-nano-2.1b-base,musik,7,Western Africa,47.785307,0.124103,"Random Confusion (error tinggi, acak)"
kanana,kakaocorp/kanana-nano-2.1b-base,musik,8,Southern Africa,45.824967,0.243048,"Systematic Bias (error tinggi, terarah)"
kanana,kakaocorp/kanana-nano-2.1b-base,musik,9,Eastern Africa,43.242765,0.146169,"Random Confusion (error tinggi, acak)"
kanana,kakaocorp/kanana-nano-2.1b-base,musik,10,Southern Asia,41.597838,0.283008,"Minor Consistent Drift (error rendah, sedikit terarah)"
kanana,kakaocorp/kanana-nano-2.1b-base,musik,11,Eastern Asia,40.909764,0.250037,"Minor Consistent Drift (error rendah, sedikit terarah)"
kanana,kakaocorp/kanana-nano-2.1b-base,musik,12,Western Asia,37.699321,0.011294,"Well-Calibrated (error rendah, acak)"
kanana,kakaocorp/kanana-nano-2.1b-base,musik,13,Northern Africa,36.7531,0.116943,"Well-Calibrated (error rendah, acak)"
kanana,kakaocorp/kanana-nano-2.1b-base,musik,14,Central Africa,33.653644,0.056146,"Well-Calibrated (error rendah, acak)"
kanana,kakaocorp/kanana-nano-2.1b-base,musik,15,Eastern Europe,31.797186,0.01232,"Well-Calibrated (error rendah, acak)"
kanana,kakaocorp/kanana-nano-2.1b-base,musik,16,Central Asia,31.574024,0.057552,"Well-Calibrated (error rendah, acak)"
kanana,kakaocorp/kanana-nano-2.1b-base,musik,17,Southern Europe,31.455245,0.040832,"Well-Calibrated (error rendah, acak)"
kanana,kakaocorp/kanana-nano-2.1b-base,musik,18,Northern Europe,30.4586,0.024854,"Well-Calibrated (error rendah, acak)"
kanana,kakaocorp/kanana-nano-2.1b-base,musik,19,Western Europe,26.039094,0.0277,"Well-Calibrated (error rendah, acak)"
llama,meta-llama/Llama-3.2-3B,musik,1,Oceania,89.731145,0.190916,"Random Confusion (error tinggi, acak)"
llama,meta-llama/Llama-3.2-3B,musik,2,Southern America,51.743655,0.349481,"Systematic Bias (error tinggi, terarah)"
llama,meta-llama/Llama-3.2-3B,musik,3,Caribbean,50.132661,0.337651,"Systematic Bias (error tinggi, terarah)"
llama,meta-llama/Llama-3.2-3B,musik,4,South Eastern Asia,47.454798,0.336822,"Systematic Bias (error tinggi, terarah)"
llama,meta-llama/Llama-3.2-3B,musik,5,Northern America,46.718911,0.347439,"Systematic Bias (error tinggi, terarah)"
llama,meta-llama/Llama-3.2-3B,musik,6,Central America,44.685354,0.32265,"Systematic Bias (error tinggi, terarah)"
llama,meta-llama/Llama-3.2-3B,musik,7,Eastern Africa,36.448008,0.239054,"Systematic Bias (error tinggi, terarah)"
llama,meta-llama/Llama-3.2-3B,musik,8,Eastern Asia,35.605904,0.212851,"Systematic Bias (error tinggi, terarah)"
llama,meta-llama/Llama-3.2-3B,musik,9,Western Africa,34.306315,0.10048,"Random Confusion (error tinggi, acak)"
llama,meta-llama/Llama-3.2-3B,musik,10,Southern Africa,33.929405,0.377787,"Minor Consistent Drift (error rendah, sedikit terarah)"
llama,meta-llama/Llama-3.2-3B,musik,11,Southern Asia,33.632646,0.399542,"Minor Consistent Drift (error rendah, sedikit terarah)"
llama,meta-llama/Llama-3.2-3B,musik,12,Central Africa,29.306654,0.054521,"Well-Calibrated (error rendah, acak)"
llama,meta-llama/Llama-3.2-3B,musik,13,Northern Africa,27.474806,0.188178,"Well-Calibrated (error rendah, acak)"
llama,meta-llama/Llama-3.2-3B,musik,14,Western Asia,27.050944,0.164282,"Well-Calibrated (error rendah, acak)"
llama,meta-llama/Llama-3.2-3B,musik,15,Central Asia,26.314095,0.157083,"Well-Calibrated (error rendah, acak)"
llama,meta-llama/Llama-3.2-3B,musik,16,Southern Europe,25.711873,0.025447,"Well-Calibrated (error rendah, acak)"
llama,meta-llama/Llama-3.2-3B,musik,17,Eastern Europe,24.723875,0.032894,"Well-Calibrated (error rendah, acak)"
llama,meta-llama/Llama-3.2-3B,musik,18,Northern Europe,21.507537,0.058899,"Well-Calibrated (error rendah, acak)"
llama,meta-llama/Llama-3.2-3B,musik,19,Western Europe,20.617092,0.013695,"Well-Calibrated (error rendah, acak)"
mistral,mistralai/Ministral-3-3B-Base-2512,musik,1,Oceania,119.909107,0.084242,"Random Confusion (error tinggi, acak)"
mistral,mistralai/Ministral-3-3B-Base-2512,musik,2,Caribbean,55.722119,0.268851,"Systematic Bias (error tinggi, terarah)"
mistral,mistralai/Ministral-3-3B-Base-2512,musik,3,Southern America,54.330973,0.235307,"Systematic Bias (error tinggi, terarah)"
mistral,mistralai/Ministral-3-3B-Base-2512,musik,4,Central America,52.27281,0.162371,"Systematic Bias (error tinggi, terarah)"
mistral,mistralai/Ministral-3-3B-Base-2512,musik,5,Northern America,50.720231,0.250166,"Systematic Bias (error tinggi, terarah)"
mistral,mistralai/Ministral-3-3B-Base-2512,musik,6,South Eastern Asia,48.530979,0.232578,"Systematic Bias (error tinggi, terarah)"
mistral,mistralai/Ministral-3-3B-Base-2512,musik,7,Western Africa,44.484558,0.071905,"Random Confusion (error tinggi, acak)"
mistral,mistralai/Ministral-3-3B-Base-2512,musik,8,Southern Asia,44.145347,0.244884,"Systematic Bias (error tinggi, terarah)"
mistral,mistralai/Ministral-3-3B-Base-2512,musik,9,Eastern Asia,42.506825,0.17705,"Systematic Bias (error tinggi, terarah)"
mistral,mistralai/Ministral-3-3B-Base-2512,musik,10,Southern Africa,41.475315,0.18989,"Minor Consistent Drift (error rendah, sedikit terarah)"
mistral,mistralai/Ministral-3-3B-Base-2512,musik,11,Central Africa,39.03274,0.104237,"Well-Calibrated (error rendah, acak)"
mistral,mistralai/Ministral-3-3B-Base-2512,musik,12,Eastern Africa,38.409592,0.177073,"Minor Consistent Drift (error rendah, sedikit terarah)"
mistral,mistralai/Ministral-3-3B-Base-2512,musik,13,Northern Africa,35.134943,0.159882,"Well-Calibrated (error rendah, acak)"
mistral,mistralai/Ministral-3-3B-Base-2512,musik,14,Eastern Europe,34.100496,0.014364,"Well-Calibrated (error rendah, acak)"
mistral,mistralai/Ministral-3-3B-Base-2512,musik,15,Western Asia,32.736138,0.020801,"Well-Calibrated (error rendah, acak)"
mistral,mistralai/Ministral-3-3B-Base-2512,musik,16,Central Asia,31.654054,0.090869,"Well-Calibrated (error rendah, acak)"
mistral,mistralai/Ministral-3-3B-Base-2512,musik,17,Northern Europe,30.721054,0.015623,"Well-Calibrated (error rendah, acak)"
mistral,mistralai/Ministral-3-3B-Base-2512,musik,18,Southern Europe,30.638223,0.003873,"Well-Calibrated (error rendah, acak)"
mistral,mistralai/Ministral-3-3B-Base-2512,musik,19,Western Europe,29.040456,0.015426,"Well-Calibrated (error rendah, acak)"
qwen,Qwen/Qwen2.5-3B,musik,1,Oceania,92.684523,0.202829,"Random Confusion (error tinggi, acak)"
qwen,Qwen/Qwen2.5-3B,musik,2,Southern America,52.631368,0.363156,"Systematic Bias (error tinggi, terarah)"
qwen,Qwen/Qwen2.5-3B,musik,3,Caribbean,49.394502,0.332285,"Systematic Bias (error tinggi, terarah)"
qwen,Qwen/Qwen2.5-3B,musik,4,Central America,49.118558,0.403259,"Systematic Bias (error tinggi, terarah)"
qwen,Qwen/Qwen2.5-3B,musik,5,Northern America,46.90569,0.329264,"Systematic Bias (error tinggi, terarah)"
qwen,Qwen/Qwen2.5-3B,musik,6,South Eastern Asia,44.770364,0.344683,"Systematic Bias (error tinggi, terarah)"
qwen,Qwen/Qwen2.5-3B,musik,7,Southern Africa,39.752174,0.309495,"Systematic Bias (error tinggi, terarah)"
qwen,Qwen/Qwen2.5-3B,musik,8,Eastern Africa,39.367045,0.303985,"Systematic Bias (error tinggi, terarah)"
qwen,Qwen/Qwen2.5-3B,musik,9,Southern Asia,36.8245,0.299578,"Systematic Bias (error tinggi, terarah)"
qwen,Qwen/Qwen2.5-3B,musik,10,Western Africa,34.800457,0.199886,"Well-Calibrated (error rendah, acak)"
qwen,Qwen/Qwen2.5-3B,musik,11,Eastern Asia,34.718044,0.302008,"Minor Consistent Drift (error rendah, sedikit terarah)"
qwen,Qwen/Qwen2.5-3B,musik,12,Central Africa,32.098369,0.080308,"Well-Calibrated (error rendah, acak)"
qwen,Qwen/Qwen2.5-3B,musik,13,Western Asia,32.070636,0.181985,"Well-Calibrated (error rendah, acak)"
qwen,Qwen/Qwen2.5-3B,musik,14,Northern Africa,30.045673,0.068857,"Well-Calibrated (error rendah, acak)"
qwen,Qwen/Qwen2.5-3B,musik,15,Eastern Europe,26.397003,0.020158,"Well-Calibrated (error rendah, acak)"
qwen,Qwen/Qwen2.5-3B,musik,16,Central Asia,25.70779,0.117401,"Well-Calibrated (error rendah, acak)"
qwen,Qwen/Qwen2.5-3B,musik,17,Southern Europe,25.573589,0.086614,"Well-Calibrated (error rendah, acak)"
qwen,Qwen/Qwen2.5-3B,musik,18,Northern Europe,20.790938,0.054327,"Well-Calibrated (error rendah, acak)"
qwen,Qwen/Qwen2.5-3B,musik,19,Western Europe,19.221548,0.07342,"Well-Calibrated (error rendah, acak)"
sarvam,sarvamai/sarvam-1,musik,1,Oceania,109.289296,0.310238,"Random Confusion (error tinggi, acak)"
sarvam,sarvamai/sarvam-1,musik,2,Southern America,56.294383,0.470584,"Systematic Bias (error tinggi, terarah)"
sarvam,sarvamai/sarvam-1,musik,3,Northern America,54.866953,0.440348,"Systematic Bias (error tinggi, terarah)"
sarvam,sarvamai/sarvam-1,musik,4,Central America,52.031914,0.515144,"Systematic Bias (error tinggi, terarah)"
sarvam,sarvamai/sarvam-1,musik,5,South Eastern Asia,49.504642,0.485452,"Systematic Bias (error tinggi, terarah)"
sarvam,sarvamai/sarvam-1,musik,6,Caribbean,48.080214,0.474024,"Systematic Bias (error tinggi, terarah)"
sarvam,sarvamai/sarvam-1,musik,7,Southern Africa,47.43904,0.574607,"Systematic Bias (error tinggi, terarah)"
sarvam,sarvamai/sarvam-1,musik,8,Eastern Asia,43.129166,0.486018,"Systematic Bias (error tinggi, terarah)"
sarvam,sarvamai/sarvam-1,musik,9,Eastern Africa,38.167025,0.41707,"Systematic Bias (error tinggi, terarah)"
sarvam,sarvamai/sarvam-1,musik,10,Southern Asia,34.735635,0.553642,"Minor Consistent Drift (error rendah, sedikit terarah)"
sarvam,sarvamai/sarvam-1,musik,11,Western Africa,33.065063,0.365589,"Well-Calibrated (error rendah, acak)"
sarvam,sarvamai/sarvam-1,musik,12,Central Africa,30.390733,0.188315,"Well-Calibrated (error rendah, acak)"
sarvam,sarvamai/sarvam-1,musik,13,Northern Africa,26.145533,0.367048,"Well-Calibrated (error rendah, acak)"
sarvam,sarvamai/sarvam-1,musik,14,Central Asia,25.63674,0.334568,"Well-Calibrated (error rendah, acak)"
sarvam,sarvamai/sarvam-1,musik,15,Western Asia,22.926572,0.179572,"Well-Calibrated (error rendah, acak)"
sarvam,sarvamai/sarvam-1,musik,16,Southern Europe,22.678351,0.083019,"Well-Calibrated (error rendah, acak)"
sarvam,sarvamai/sarvam-1,musik,17,Eastern Europe,20.992085,0.078484,"Well-Calibrated (error rendah, acak)"
sarvam,sarvamai/sarvam-1,musik,18,Northern Europe,20.713899,0.143836,"Well-Calibrated (error rendah, acak)"
sarvam,sarvamai/sarvam-1,musik,19,Western Europe,18.047747,0.027838,"Well-Calibrated (error rendah, acak)"
