model,model_id,domain,row_order,Region,Avg_Error,Rank_AvgError,Bias_Ratio,Rank_BiasRatio,Rank_Diff
croissantLLM,croissantllm/CroissantLLMBase,kuliner,1,Oceania,128.633509,1,0.594762,3,-2
croissantLLM,croissantllm/CroissantLLMBase,kuliner,2,Southern America,70.762114,2,0.498227,6,-4
croissantLLM,croissantllm/CroissantLLMBase,kuliner,3,Southern Africa,70.316857,3,0.711037,1,2
croissantLLM,croissantllm/CroissantLLMBase,kuliner,4,Caribbean,63.496364,4,0.617227,2,2
croissantLLM,croissantllm/CroissantLLMBase,kuliner,5,Western Africa,51.437461,5,0.494978,7,-2
croissantLLM,croissantllm/CroissantLLMBase,kuliner,6,Central Africa,50.258237,6,0.271835,11,-5
croissantLLM,croissantllm/CroissantLLMBase,kuliner,7,Central America,45.85818,7,0.518316,4,3
croissantLLM,croissantllm/CroissantLLMBase,kuliner,8,Northern America,44.931213,8,0.500859,5,3
croissantLLM,croissantllm/CroissantLLMBase,kuliner,9,Eastern Africa,44.675018,9,0.426455,8,1
croissantLLM,croissantllm/CroissantLLMBase,kuliner,10,South Eastern Asia,40.196395,10,0.314511,9,1
croissantLLM,croissantllm/CroissantLLMBase,kuliner,11,Southern Europe,28.603127,11,0.066429,17,-6
croissantLLM,croissantllm/CroissantLLMBase,kuliner,12,Northern Africa,26.662878,12,0.281987,10,2
croissantLLM,croissantllm/CroissantLLMBase,kuliner,13,Western Europe,25.832092,13,0.091742,16,-3
croissantLLM,croissantllm/CroissantLLMBase,kuliner,14,Western Asia,25.548848,14,0.136616,14,0
croissantLLM,croissantllm/CroissantLLMBase,kuliner,15,Eastern Europe,25.461954,15,0.03676,19,-4
croissantLLM,croissantllm/CroissantLLMBase,kuliner,16,Eastern Asia,25.239952,16,0.165348,12,4
croissantLLM,croissantllm/CroissantLLMBase,kuliner,17,Central Asia,24.647525,17,0.109716,15,2
croissantLLM,croissantllm/CroissantLLMBase,kuliner,18,Northern Europe,24.482656,18,0.049351,18,0
croissantLLM,croissantllm/CroissantLLMBase,kuliner,19,Southern Asia,23.222457,19,0.164772,13,6
gemma,google/gemma-3-4b-pt,kuliner,1,Oceania,119.87194,1,0.345531,5,-4
gemma,google/gemma-3-4b-pt,kuliner,2,Caribbean,67.894489,2,0.438633,3,-1
gemma,google/gemma-3-4b-pt,kuliner,3,Southern America,58.524263,3,0.423814,4,-1
gemma,google/gemma-3-4b-pt,kuliner,4,Western Africa,45.759384,4,0.453596,2,2
gemma,google/gemma-3-4b-pt,kuliner,5,Central Africa,45.425158,5,0.130471,12,-7
gemma,google/gemma-3-4b-pt,kuliner,6,Northern America,40.981544,6,0.288828,7,-1
gemma,google/gemma-3-4b-pt,kuliner,7,Eastern Africa,40.90824,7,0.280382,8,-1
gemma,google/gemma-3-4b-pt,kuliner,8,Central America,37.637763,8,0.339852,6,2
gemma,google/gemma-3-4b-pt,kuliner,9,Southern Africa,35.107462,9,0.464144,1,8
gemma,google/gemma-3-4b-pt,kuliner,10,Central Asia,33.658435,10,0.1831,10,0
gemma,google/gemma-3-4b-pt,kuliner,11,South Eastern Asia,33.372305,11,0.183798,9,2
gemma,google/gemma-3-4b-pt,kuliner,12,Northern Africa,31.169682,12,0.161285,11,1
gemma,google/gemma-3-4b-pt,kuliner,13,Southern Europe,30.299648,13,0.031483,18,-5
gemma,google/gemma-3-4b-pt,kuliner,14,Northern Europe,27.448446,14,0.063796,16,-2
gemma,google/gemma-3-4b-pt,kuliner,15,Eastern Europe,27.328719,15,0.07318,15,0
gemma,google/gemma-3-4b-pt,kuliner,16,Western Europe,27.219781,16,0.059269,17,-1
gemma,google/gemma-3-4b-pt,kuliner,17,Western Asia,25.307742,17,0.09848,13,4
gemma,google/gemma-3-4b-pt,kuliner,18,Eastern Asia,24.729109,18,0.085781,14,4
gemma,google/gemma-3-4b-pt,kuliner,19,Southern Asia,24.559296,19,0.027883,19,0
kanana,kakaocorp/kanana-nano-2.1b-base,kuliner,1,Oceania,120.275262,1,0.615918,1,0
kanana,kakaocorp/kanana-nano-2.1b-base,kuliner,2,Caribbean,78.607019,2,0.59676,2,0
kanana,kakaocorp/kanana-nano-2.1b-base,kuliner,3,Southern America,70.468126,3,0.377266,5,-2
kanana,kakaocorp/kanana-nano-2.1b-base,kuliner,4,Southern Africa,64.110174,4,0.547633,3,1
kanana,kakaocorp/kanana-nano-2.1b-base,kuliner,5,Western Africa,62.610772,5,0.407139,4,1
kanana,kakaocorp/kanana-nano-2.1b-base,kuliner,6,Central America,49.762941,6,0.32373,8,-2
kanana,kakaocorp/kanana-nano-2.1b-base,kuliner,7,Northern America,47.61376,7,0.3531,6,1
kanana,kakaocorp/kanana-nano-2.1b-base,kuliner,8,Eastern Africa,46.084381,8,0.222565,11,-3
kanana,kakaocorp/kanana-nano-2.1b-base,kuliner,9,Central Africa,46.025289,9,0.331354,7,2
kanana,kakaocorp/kanana-nano-2.1b-base,kuliner,10,South Eastern Asia,42.90169,10,0.224986,10,0
kanana,kakaocorp/kanana-nano-2.1b-base,kuliner,11,Northern Europe,33.90929,11,0.032865,17,-6
kanana,kakaocorp/kanana-nano-2.1b-base,kuliner,12,Southern Europe,32.798037,12,0.031121,18,-6
kanana,kakaocorp/kanana-nano-2.1b-base,kuliner,13,Eastern Europe,32.40262,13,0.015585,19,-6
kanana,kakaocorp/kanana-nano-2.1b-base,kuliner,14,Northern Africa,32.120946,14,0.289698,9,5
kanana,kakaocorp/kanana-nano-2.1b-base,kuliner,15,Western Asia,30.14921,15,0.064262,15,0
kanana,kakaocorp/kanana-nano-2.1b-base,kuliner,16,Eastern Asia,29.686024,16,0.118356,13,3
kanana,kakaocorp/kanana-nano-2.1b-base,kuliner,17,Western Europe,29.56624,17,0.052868,16,1
kanana,kakaocorp/kanana-nano-2.1b-base,kuliner,18,Southern Asia,27.863203,18,0.086891,14,4
kanana,kakaocorp/kanana-nano-2.1b-base,kuliner,19,Central Asia,24.363413,19,0.179324,12,7
llama,meta-llama/Llama-3.2-3B,kuliner,1,Oceania,127.33543,1,0.571489,1,0
llama,meta-llama/Llama-3.2-3B,kuliner,2,Caribbean,61.814459,2,0.487633,2,0
llama,meta-llama/Llama-3.2-3B,kuliner,3,Southern America,59.437109,3,0.434381,4,-1
llama,meta-llama/Llama-3.2-3B,kuliner,4,Western Africa,41.790272,4,0.324378,8,-4
llama,meta-llama/Llama-3.2-3B,kuliner,5,Southern Africa,39.883128,5,0.482818,3,2
llama,meta-llama/Llama-3.2-3B,kuliner,6,Eastern Africa,38.80685,6,0.394067,5,1
llama,meta-llama/Llama-3.2-3B,kuliner,7,Central Africa,36.345953,7,0.323868,9,-2
llama,meta-llama/Llama-3.2-3B,kuliner,8,Northern America,36.086485,8,0.358744,6,2
llama,meta-llama/Llama-3.2-3B,kuliner,9,Central America,35.139097,9,0.327376,7,2
llama,meta-llama/Llama-3.2-3B,kuliner,10,South Eastern Asia,30.851432,10,0.232137,10,0
llama,meta-llama/Llama-3.2-3B,kuliner,11,Northern Africa,25.784546,11,0.211984,11,0
llama,meta-llama/Llama-3.2-3B,kuliner,12,Central Asia,23.758318,12,0.089437,15,-3
llama,meta-llama/Llama-3.2-3B,kuliner,13,Southern Europe,23.138242,13,0.040738,18,-5
llama,meta-llama/Llama-3.2-3B,kuliner,14,Eastern Europe,22.581585,14,0.042921,17,-3
llama,meta-llama/Llama-3.2-3B,kuliner,15,Western Europe,22.476801,15,0.053809,16,-1
llama,meta-llama/Llama-3.2-3B,kuliner,16,Eastern Asia,22.273141,16,0.099496,13,3
llama,meta-llama/Llama-3.2-3B,kuliner,17,Northern Europe,22.243916,17,0.027388,19,-2
llama,meta-llama/Llama-3.2-3B,kuliner,18,Western Asia,21.670447,18,0.175903,12,6
llama,meta-llama/Llama-3.2-3B,kuliner,19,Southern Asia,21.074157,19,0.091896,14,5
mistral,mistralai/Ministral-3-3B-Base-2512,kuliner,1,Oceania,123.121652,1,0.383286,2,-1
mistral,mistralai/Ministral-3-3B-Base-2512,kuliner,2,Caribbean,71.351831,2,0.300261,7,-5
mistral,mistralai/Ministral-3-3B-Base-2512,kuliner,3,Southern America,69.337494,3,0.327891,4,-1
mistral,mistralai/Ministral-3-3B-Base-2512,kuliner,4,Southern Africa,62.026868,4,0.489844,1,3
mistral,mistralai/Ministral-3-3B-Base-2512,kuliner,5,Western Africa,57.705362,5,0.291913,9,-4
mistral,mistralai/Ministral-3-3B-Base-2512,kuliner,6,Northern America,49.589402,6,0.32764,5,1
mistral,mistralai/Ministral-3-3B-Base-2512,kuliner,7,South Eastern Asia,47.849803,7,0.293572,8,-1
mistral,mistralai/Ministral-3-3B-Base-2512,kuliner,8,Central America,47.282856,8,0.312906,6,2
mistral,mistralai/Ministral-3-3B-Base-2512,kuliner,9,Central Africa,47.211143,9,0.085416,14,-5
mistral,mistralai/Ministral-3-3B-Base-2512,kuliner,10,Eastern Africa,37.940229,10,0.338064,3,7
mistral,mistralai/Ministral-3-3B-Base-2512,kuliner,11,Southern Europe,37.12352,11,0.059735,18,-7
mistral,mistralai/Ministral-3-3B-Base-2512,kuliner,12,Northern Africa,36.791503,12,0.175906,11,1
mistral,mistralai/Ministral-3-3B-Base-2512,kuliner,13,Northern Europe,34.96682,13,0.06711,17,-4
mistral,mistralai/Ministral-3-3B-Base-2512,kuliner,14,Southern Asia,34.792806,14,0.119579,13,1
mistral,mistralai/Ministral-3-3B-Base-2512,kuliner,15,Eastern Europe,33.386124,15,0.0394,19,-4
mistral,mistralai/Ministral-3-3B-Base-2512,kuliner,16,Western Europe,33.104879,16,0.08231,15,1
mistral,mistralai/Ministral-3-3B-Base-2512,kuliner,17,Eastern Asia,31.975289,17,0.128791,12,5
mistral,mistralai/Ministral-3-3B-Base-2512,kuliner,18,Western Asia,30.770182,18,0.070056,16,2
mistral,mistralai/Ministral-3-3B-Base-2512,kuliner,19,Central Asia,26.214043,19,0.179112,10,9
qwen,Qwen/Qwen2.5-3B,kuliner,1,Oceania,128.969506,1,0.560128,2,-1
qwen,Qwen/Qwen2.5-3B,kuliner,2,Caribbean,70.286625,2,0.490568,4,-2
qwen,Qwen/Qwen2.5-3B,kuliner,3,Southern America,60.86119,3,0.506978,3,0
qwen,Qwen/Qwen2.5-3B,kuliner,4,Southern Africa,50.721329,4,0.598201,1,3
qwen,Qwen/Qwen2.5-3B,kuliner,5,Western Africa,50.049154,5,0.454461,5,0
qwen,Qwen/Qwen2.5-3B,kuliner,6,Central Africa,46.249674,6,0.311246,10,-4
qwen,Qwen/Qwen2.5-3B,kuliner,7,Central America,41.48682,7,0.358176,7,0
qwen,Qwen/Qwen2.5-3B,kuliner,8,Eastern Africa,40.410127,8,0.334005,9,-1
qwen,Qwen/Qwen2.5-3B,kuliner,9,Northern America,40.22141,9,0.365744,6,3
qwen,Qwen/Qwen2.5-3B,kuliner,10,South Eastern Asia,36.74428,10,0.258588,11,-1
qwen,Qwen/Qwen2.5-3B,kuliner,11,Central Asia,29.32479,11,0.335697,8,3
qwen,Qwen/Qwen2.5-3B,kuliner,12,Eastern Europe,24.904731,12,0.09659,15,-3
qwen,Qwen/Qwen2.5-3B,kuliner,13,Southern Europe,24.478434,13,0.034544,19,-6
qwen,Qwen/Qwen2.5-3B,kuliner,14,Northern Africa,24.150938,14,0.199422,12,2
qwen,Qwen/Qwen2.5-3B,kuliner,15,Eastern Asia,23.672496,15,0.130504,13,2
qwen,Qwen/Qwen2.5-3B,kuliner,16,Western Europe,23.444142,16,0.043801,17,-1
qwen,Qwen/Qwen2.5-3B,kuliner,17,Northern Europe,23.230619,17,0.043742,18,-1
qwen,Qwen/Qwen2.5-3B,kuliner,18,Western Asia,22.638866,18,0.091146,16,2
qwen,Qwen/Qwen2.5-3B,kuliner,19,Southern Asia,21.811341,19,0.107612,14,5
sarvam,sarvamai/sarvam-1,kuliner,1,Oceania,127.189128,1,0.743141,2,-1
sarvam,sarvamai/sarvam-1,kuliner,2,Southern Africa,72.543694,2,0.777723,1,1
sarvam,sarvamai/sarvam-1,kuliner,3,Caribbean,71.857292,3,0.708854,3,0
sarvam,sarvamai/sarvam-1,kuliner,4,Southern America,68.198085,4,0.66057,4,0
sarvam,sarvamai/sarvam-1,kuliner,5,Central Africa,50.419468,5,0.437053,9,-4
sarvam,sarvamai/sarvam-1,kuliner,6,Western Africa,48.58073,6,0.499502,8,-2
sarvam,sarvamai/sarvam-1,kuliner,7,Eastern Africa,45.751543,7,0.564315,6,1
sarvam,sarvamai/sarvam-1,kuliner,8,Central America,44.93867,8,0.641796,5,3
sarvam,sarvamai/sarvam-1,kuliner,9,Northern America,43.95892,9,0.552133,7,2
sarvam,sarvamai/sarvam-1,kuliner,10,South Eastern Asia,39.837212,10,0.376249,11,-1
sarvam,sarvamai/sarvam-1,kuliner,11,Northern Africa,27.898414,11,0.388704,10,1
sarvam,sarvamai/sarvam-1,kuliner,12,Southern Europe,25.843642,12,0.061683,18,-6
sarvam,sarvamai/sarvam-1,kuliner,13,Eastern Asia,25.496264,13,0.19494,15,-2
sarvam,sarvamai/sarvam-1,kuliner,14,Northern Europe,25.067017,14,0.062644,17,-3
sarvam,sarvamai/sarvam-1,kuliner,15,Western Asia,23.200626,15,0.196739,14,1
sarvam,sarvamai/sarvam-1,kuliner,16,Eastern Europe,23.082603,16,0.049146,19,-3
sarvam,sarvamai/sarvam-1,kuliner,17,Central Asia,21.691325,17,0.300019,12,5
sarvam,sarvamai/sarvam-1,kuliner,18,Southern Asia,20.770205,18,0.200464,13,5
sarvam,sarvamai/sarvam-1,kuliner,19,Western Europe,20.48574,19,0.116025,16,3
croissantLLM,croissantllm/CroissantLLMBase,musik,1,Oceania,102.736797,1,0.2291,10,-9
croissantLLM,croissantllm/CroissantLLMBase,musik,2,Southern America,55.98341,2,0.444146,2,0
croissantLLM,croissantllm/CroissantLLMBase,musik,3,Caribbean,52.460692,3,0.432196,3,0
croissantLLM,croissantllm/CroissantLLMBase,musik,4,South Eastern Asia,50.343829,4,0.404033,4,0
croissantLLM,croissantllm/CroissantLLMBase,musik,5,Central America,50.04818,5,0.260144,8,-3
croissantLLM,croissantllm/CroissantLLMBase,musik,6,Northern America,49.249795,6,0.449868,1,5
croissantLLM,croissantllm/CroissantLLMBase,musik,7,Southern Africa,45.782053,7,0.3852,5,2
croissantLLM,croissantllm/CroissantLLMBase,musik,8,Eastern Africa,40.336435,8,0.373298,6,2
croissantLLM,croissantllm/CroissantLLMBase,musik,9,Southern Asia,37.373289,9,0.234807,9,0
croissantLLM,croissantllm/CroissantLLMBase,musik,10,Western Africa,36.393148,10,0.194389,11,-1
croissantLLM,croissantllm/CroissantLLMBase,musik,11,Eastern Asia,36.026313,11,0.271776,7,4
croissantLLM,croissantllm/CroissantLLMBase,musik,12,Western Asia,32.856123,12,0.180225,12,0
croissantLLM,croissantllm/CroissantLLMBase,musik,13,Northern Africa,30.019247,13,0.131834,14,-1
croissantLLM,croissantllm/CroissantLLMBase,musik,14,Central Africa,28.369139,14,0.089282,15,-1
croissantLLM,croissantllm/CroissantLLMBase,musik,15,Eastern Europe,25.385601,15,0.016452,18,-3
croissantLLM,croissantllm/CroissantLLMBase,musik,16,Central Asia,24.576279,16,0.151952,13,3
croissantLLM,croissantllm/CroissantLLMBase,musik,17,Southern Europe,23.768314,17,0.022742,17,0
croissantLLM,croissantllm/CroissantLLMBase,musik,18,Northern Europe,22.846132,18,0.026515,16,2
croissantLLM,croissantllm/CroissantLLMBase,musik,19,Western Europe,20.312113,19,0.010259,19,0
gemma,google/gemma-3-4b-pt,musik,1,Oceania,79.379529,1,0.133054,11,-10
gemma,google/gemma-3-4b-pt,musik,2,Caribbean,52.523533,2,0.297984,2,0
gemma,google/gemma-3-4b-pt,musik,3,Southern America,52.153196,3,0.237952,4,-1
gemma,google/gemma-3-4b-pt,musik,4,Northern America,45.65294,4,0.118385,12,-8
gemma,google/gemma-3-4b-pt,musik,5,South Eastern Asia,45.271229,5,0.292372,3,2
gemma,google/gemma-3-4b-pt,musik,6,Southern Asia,41.858796,6,0.22675,6,0
gemma,google/gemma-3-4b-pt,musik,7,Western Africa,41.353454,7,0.097925,13,-6
gemma,google/gemma-3-4b-pt,musik,8,Central America,40.684988,8,0.313469,1,7
gemma,google/gemma-3-4b-pt,musik,9,Eastern Africa,39.522624,9,0.235984,5,4
gemma,google/gemma-3-4b-pt,musik,10,Central Africa,37.114031,10,0.002594,18,-8
gemma,google/gemma-3-4b-pt,musik,11,Northern Africa,36.484761,11,0.221233,7,4
gemma,google/gemma-3-4b-pt,musik,12,Eastern Asia,35.973158,12,0.161895,9,3
gemma,google/gemma-3-4b-pt,musik,13,Southern Africa,35.178548,13,0.168819,8,5
gemma,google/gemma-3-4b-pt,musik,14,Central Asia,31.699043,14,0.138501,10,4
gemma,google/gemma-3-4b-pt,musik,15,Western Asia,31.277354,15,0.084702,14,1
gemma,google/gemma-3-4b-pt,musik,16,Eastern Europe,30.393535,16,0.000651,19,-3
gemma,google/gemma-3-4b-pt,musik,17,Southern Europe,27.063133,17,0.036063,16,1
gemma,google/gemma-3-4b-pt,musik,18,Western Europe,23.83931,18,0.049722,15,3
gemma,google/gemma-3-4b-pt,musik,19,Northern Europe,21.326084,19,0.022763,17,2
kanana,kakaocorp/kanana-nano-2.1b-base,musik,1,Oceania,92.887266,1,0.218564,9,-8
kanana,kakaocorp/kanana-nano-2.1b-base,musik,2,Southern America,60.560507,2,0.341986,1,1
kanana,kakaocorp/kanana-nano-2.1b-base,musik,3,Central America,55.481114,3,0.314585,2,1
kanana,kakaocorp/kanana-nano-2.1b-base,musik,4,Caribbean,53.191916,4,0.243713,5,-1
kanana,kakaocorp/kanana-nano-2.1b-base,musik,5,Northern America,52.299217,5,0.226965,8,-3
kanana,kakaocorp/kanana-nano-2.1b-base,musik,6,South Eastern Asia,50.870109,6,0.243579,6,0
kanana,kakaocorp/kanana-nano-2.1b-base,musik,7,Western Africa,47.785307,7,0.124103,11,-4
kanana,kakaocorp/kanana-nano-2.1b-base,musik,8,Southern Africa,45.824967,8,0.243048,7,1
kanana,kakaocorp/kanana-nano-2.1b-base,musik,9,Eastern Africa,43.242765,9,0.146169,10,-1
kanana,kakaocorp/kanana-nano-2.1b-base,musik,10,Southern Asia,41.597838,10,0.283008,3,7
kanana,kakaocorp/kanana-nano-2.1b-base,musik,11,Eastern Asia,40.909764,11,0.250037,4,7
kanana,kakaocorp/kanana-nano-2.1b-base,musik,12,Western Asia,37.699321,12,0.011294,19,-7
kanana,kakaocorp/kanana-nano-2.1b-base,musik,13,Northern Africa,36.7531,13,0.116943,12,1
kanana,kakaocorp/kanana-nano-2.1b-base,musik,14,Central Africa,33.653644,14,0.056146,14,0
kanana,kakaocorp/kanana-nano-2.1b-base,musik,15,Eastern Europe,31.797186,15,0.01232,18,-3
kanana,kakaocorp/kanana-nano-2.1b-base,musik,16,Central Asia,31.574024,16,0.057552,13,3
kanana,kakaocorp/kanana-nano-2.1b-base,musik,17,Southern Europe,31.455245,17,0.040832,15,2
kanana,kakaocorp/kanana-nano-2.1b-base,musik,18,Northern Europe,30.4586,18,0.024854,17,1
kanana,kakaocorp/kanana-nano-2.1b-base,musik,19,Western Europe,26.039094,19,0.0277,16,3
llama,meta-llama/Llama-3.2-3B,musik,1,Oceania,89.731145,1,0.190916,10,-9
llama,meta-llama/Llama-3.2-3B,musik,2,Southern America,51.743655,2,0.349481,3,-1
llama,meta-llama/Llama-3.2-3B,musik,3,Caribbean,50.132661,3,0.337651,5,-2
llama,meta-llama/Llama-3.2-3B,musik,4,South Eastern Asia,47.454798,4,0.336822,6,-2
llama,meta-llama/Llama-3.2-3B,musik,5,Northern America,46.718911,5,0.347439,4,1
llama,meta-llama/Llama-3.2-3B,musik,6,Central America,44.685354,6,0.32265,7,-1
llama,meta-llama/Llama-3.2-3B,musik,7,Eastern Africa,36.448008,7,0.239054,8,-1
llama,meta-llama/Llama-3.2-3B,musik,8,Eastern Asia,35.605904,8,0.212851,9,-1
llama,meta-llama/Llama-3.2-3B,musik,9,Western Africa,34.306315,9,0.10048,14,-5
llama,meta-llama/Llama-3.2-3B,musik,10,Southern Africa,33.929405,10,0.377787,2,8
llama,meta-llama/Llama-3.2-3B,musik,11,Southern Asia,33.632646,11,0.399542,1,10
llama,meta-llama/Llama-3.2-3B,musik,12,Central Africa,29.306654,12,0.054521,16,-4
llama,meta-llama/Llama-3.2-3B,musik,13,Northern Africa,27.474806,13,0.188178,11,2
llama,meta-llama/Llama-3.2-3B,musik,14,Western Asia,27.050944,14,0.164282,12,2
llama,meta-llama/Llama-3.2-3B,musik,15,Central Asia,26.314095,15,0.157083,13,2
llama,meta-llama/Llama-3.2-3B,musik,16,Southern Europe,25.711873,16,0.025447,18,-2
llama,meta-llama/Llama-3.2-3B,musik,17,Eastern Europe,24.723875,17,0.032894,17,0
llama,meta-llama/Llama-3.2-3B,musik,18,Northern Europe,21.507537,18,0.058899,15,3
llama,meta-llama/Llama-3.2-3B,musik,19,Western Europe,20.617092,19,0.013695,19,0
mistral,mistralai/Ministral-3-3B-Base-2512,musik,1,Oceania,119.909107,1,0.084242,13,-12
mistral,mistralai/Ministral-3-3B-Base-2512,musik,2,Caribbean,55.722119,2,0.268851,1,1
mistral,mistralai/Ministral-3-3B-Base-2512,musik,3,Southern America,54.330973,3,0.235307,4,-1
mistral,mistralai/Ministral-3-3B-Base-2512,musik,4,Central America,52.27281,4,0.162371,9,-5
mistral,mistralai/Ministral-3-3B-Base-2512,musik,5,Northern America,50.720231,5,0.250166,2,3
mistral,mistralai/Ministral-3-3B-Base-2512,musik,6,South Eastern Asia,48.530979,6,0.232578,5,1
mistral,mistralai/Ministral-3-3B-Base-2512,musik,7,Western Africa,44.484558,7,0.071905,14,-7
mistral,mistralai/Ministral-3-3B-Base-2512,musik,8,Southern Asia,44.145347,8,0.244884,3,5
mistral,mistralai/Ministral-3-3B-Base-2512,musik,9,Eastern Asia,42.506825,9,0.17705,8,1
mistral,mistralai/Ministral-3-3B-Base-2512,musik,10,Southern Africa,41.475315,10,0.18989,6,4
mistral,mistralai/Ministral-3-3B-Base-2512,musik,11,Central Africa,39.03274,11,0.104237,11,0
mistral,mistralai/Ministral-3-3B-Base-2512,musik,12,Eastern Africa,38.409592,12,0.177073,7,5
mistral,mistralai/Ministral-3-3B-Base-2512,musik,13,Northern Africa,35.134943,13,0.159882,10,3
mistral,mistralai/Ministral-3-3B-Base-2512,musik,14,Eastern Europe,34.100496,14,0.014364,18,-4
mistral,mistralai/Ministral-3-3B-Base-2512,musik,15,Western Asia,32.736138,15,0.020801,15,0
mistral,mistralai/Ministral-3-3B-Base-2512,musik,16,Central Asia,31.654054,16,0.090869,12,4
mistral,mistralai/Ministral-3-3B-Base-2512,musik,17,Northern Europe,30.721054,17,0.015623,16,1
mistral,mistralai/Ministral-3-3B-Base-2512,musik,18,Southern Europe,30.638223,18,0.003873,19,-1
mistral,mistralai/Ministral-3-3B-Base-2512,musik,19,Western Europe,29.040456,19,0.015426,17,2
qwen,Qwen/Qwen2.5-3B,musik,1,Oceania,92.684523,1,0.202829,10,-9
qwen,Qwen/Qwen2.5-3B,musik,2,Southern America,52.631368,2,0.363156,2,0
qwen,Qwen/Qwen2.5-3B,musik,3,Caribbean,49.394502,3,0.332285,4,-1
qwen,Qwen/Qwen2.5-3B,musik,4,Central America,49.118558,4,0.403259,1,3
qwen,Qwen/Qwen2.5-3B,musik,5,Northern America,46.90569,5,0.329264,5,0
qwen,Qwen/Qwen2.5-3B,musik,6,South Eastern Asia,44.770364,6,0.344683,3,3
qwen,Qwen/Qwen2.5-3B,musik,7,Southern Africa,39.752174,7,0.309495,6,1
qwen,Qwen/Qwen2.5-3B,musik,8,Eastern Africa,39.367045,8,0.303985,7,1
qwen,Qwen/Qwen2.5-3B,musik,9,Southern Asia,36.8245,9,0.299578,9,0
qwen,Qwen/Qwen2.5-3B,musik,10,Western Africa,34.800457,10,0.199886,11,-1
qwen,Qwen/Qwen2.5-3B,musik,11,Eastern Asia,34.718044,11,0.302008,8,3
qwen,Qwen/Qwen2.5-3B,musik,12,Central Africa,32.098369,12,0.080308,15,-3
qwen,Qwen/Qwen2.5-3B,musik,13,Western Asia,32.070636,13,0.181985,12,1
qwen,Qwen/Qwen2.5-3B,musik,14,Northern Africa,30.045673,14,0.068857,17,-3
qwen,Qwen/Qwen2.5-3B,musik,15,Eastern Europe,26.397003,15,0.020158,19,-4
qwen,Qwen/Qwen2.5-3B,musik,16,Central Asia,25.70779,16,0.117401,13,3
qwen,Qwen/Qwen2.5-3B,musik,17,Southern Europe,25.573589,17,0.086614,14,3
qwen,Qwen/Qwen2.5-3B,musik,18,Northern Europe,20.790938,18,0.054327,18,0
qwen,Qwen/Qwen2.5-3B,musik,19,Western Europe,19.221548,19,0.07342,16,3
sarvam,sarvamai/sarvam-1,musik,1,Oceania,109.289296,1,0.310238,13,-12
sarvam,sarvamai/sarvam-1,musik,2,Southern America,56.294383,2,0.470584,7,-5
sarvam,sarvamai/sarvam-1,musik,3,Northern America,54.866953,3,0.440348,8,-5
sarvam,sarvamai/sarvam-1,musik,4,Central America,52.031914,4,0.515144,3,1
sarvam,sarvamai/sarvam-1,musik,5,South Eastern Asia,49.504642,5,0.485452,5,0
sarvam,sarvamai/sarvam-1,musik,6,Caribbean,48.080214,6,0.474024,6,0
sarvam,sarvamai/sarvam-1,musik,7,Southern Africa,47.43904,7,0.574607,1,6
sarvam,sarvamai/sarvam-1,musik,8,Eastern Asia,43.129166,8,0.486018,4,4
sarvam,sarvamai/sarvam-1,musik,9,Eastern Africa,38.167025,9,0.41707,9,0
sarvam,sarvamai/sarvam-1,musik,10,Southern Asia,34.735635,10,0.553642,2,8
sarvam,sarvamai/sarvam-1,musik,11,Western Africa,33.065063,11,0.365589,11,0
sarvam,sarvamai/sarvam-1,musik,12,Central Africa,30.390733,12,0.188315,14,-2
sarvam,sarvamai/sarvam-1,musik,13,Northern Africa,26.145533,13,0.367048,10,3
sarvam,sarvamai/sarvam-1,musik,14,Central Asia,25.63674,14,0.334568,12,2
sarvam,sarvamai/sarvam-1,musik,15,Western Asia,22.926572,15,0.179572,15,0
sarvam,sarvamai/sarvam-1,musik,16,Southern Europe,22.678351,16,0.083019,17,-1
sarvam,sarvamai/sarvam-1,musik,17,Eastern Europe,20.992085,17,0.078484,18,-1
sarvam,sarvamai/sarvam-1,musik,18,Northern Europe,20.713899,18,0.143836,16,2
sarvam,sarvamai/sarvam-1,musik,19,Western Europe,18.047747,19,0.027838,19,0
