model,model_id,domain,Region,Avg_Error_2dp,Structure_Correlation_3dp
croissantLLM,croissantllm/CroissantLLMBase,kuliner,Northern Europe,24.48,0.227
croissantLLM,croissantllm/CroissantLLMBase,kuliner,Southern Asia,23.22,0.195
croissantLLM,croissantllm/CroissantLLMBase,kuliner,Eastern Europe,25.46,0.136
croissantLLM,croissantllm/CroissantLLMBase,kuliner,Eastern Asia,25.24,0.123
gemma,google/gemma-3-4b-pt,kuliner,Eastern Europe,27.33,0.317
gemma,google/gemma-3-4b-pt,kuliner,Eastern Asia,24.73,0.293
gemma,google/gemma-3-4b-pt,kuliner,Northern Europe,27.45,0.256
gemma,google/gemma-3-4b-pt,kuliner,Southern Asia,24.56,0.187
kanana,kakaocorp/kanana-nano-2.1b-base,kuliner,Eastern Asia,29.69,0.33
kanana,kakaocorp/kanana-nano-2.1b-base,kuliner,Northern Africa,32.12,0.254
kanana,kakaocorp/kanana-nano-2.1b-base,kuliner,Eastern Europe,32.4,0.232
llama,meta-llama/Llama-3.2-3B,kuliner,Eastern Asia,22.27,0.281
llama,meta-llama/Llama-3.2-3B,kuliner,Eastern Europe,22.58,0.197
llama,meta-llama/Llama-3.2-3B,kuliner,Northern Europe,22.24,-0.368
mistral,mistralai/Ministral-3-3B-Base-2512,kuliner,Eastern Europe,33.39,0.263
mistral,mistralai/Ministral-3-3B-Base-2512,kuliner,Northern Africa,36.79,0.254
mistral,mistralai/Ministral-3-3B-Base-2512,kuliner,Eastern Asia,31.98,0.005
qwen,Qwen/Qwen2.5-3B,kuliner,Northern Africa,24.15,0.321
qwen,Qwen/Qwen2.5-3B,kuliner,Eastern Asia,23.67,0.27
qwen,Qwen/Qwen2.5-3B,kuliner,Northern Europe,23.23,0.192
sarvam,sarvamai/sarvam-1,kuliner,Northern Europe,25.07,0.306
sarvam,sarvamai/sarvam-1,kuliner,Southern Asia,20.77,0.243
sarvam,sarvamai/sarvam-1,kuliner,Eastern Asia,25.5,-0.008
croissantLLM,croissantllm/CroissantLLMBase,musik,Central Africa,28.37,0.212
croissantLLM,croissantllm/CroissantLLMBase,musik,Eastern Europe,25.39,0.208
croissantLLM,croissantllm/CroissantLLMBase,musik,Western Asia,32.86,0.177
croissantLLM,croissantllm/CroissantLLMBase,musik,Western Europe,20.31,-0.067
gemma,google/gemma-3-4b-pt,musik,Eastern Asia,35.97,0.212
gemma,google/gemma-3-4b-pt,musik,Eastern Europe,30.39,0.208
gemma,google/gemma-3-4b-pt,musik,Western Europe,23.84,0.017
gemma,google/gemma-3-4b-pt,musik,Western Asia,31.28,-0.04
kanana,kakaocorp/kanana-nano-2.1b-base,musik,Eastern Europe,31.8,0.159
kanana,kakaocorp/kanana-nano-2.1b-base,musik,Eastern Asia,40.91,0.143
kanana,kakaocorp/kanana-nano-2.1b-base,musik,Western Asia,37.7,0.06
llama,meta-llama/Llama-3.2-3B,musik,Southern Asia,33.63,0.184
llama,meta-llama/Llama-3.2-3B,musik,Northern Europe,21.51,0.177
mistral,mistralai/Ministral-3-3B-Base-2512,musik,Eastern Europe,34.1,0.129
mistral,mistralai/Ministral-3-3B-Base-2512,musik,Western Europe,29.04,0.073
mistral,mistralai/Ministral-3-3B-Base-2512,musik,Western Asia,32.74,0.019
qwen,Qwen/Qwen2.5-3B,musik,Eastern Europe,26.4,0.235
qwen,Qwen/Qwen2.5-3B,musik,Western Europe,19.22,0.092
qwen,Qwen/Qwen2.5-3B,musik,Eastern Asia,34.72,0.086
qwen,Qwen/Qwen2.5-3B,musik,Western Asia,32.07,-0.011
sarvam,sarvamai/sarvam-1,musik,Eastern Europe,20.99,0.134
sarvam,sarvamai/sarvam-1,musik,Western Europe,18.05,0.045
sarvam,sarvamai/sarvam-1,musik,Western Asia,22.93,0.017
