model,model_id,domain,Region,Orig,Bal,PctChange,Status
croissantLLM,croissantllm/CroissantLLMBase,kuliner,Southern Africa,0.711,0.541,-23.9,MIXED
croissantLLM,croissantllm/CroissantLLMBase,kuliner,Caribbean,0.617,0.459,-25.6,MIXED
croissantLLM,croissantllm/CroissantLLMBase,kuliner,Oceania,0.595,0.468,-21.3,MIXED
croissantLLM,croissantllm/CroissantLLMBase,kuliner,Central America,0.518,0.425,-18.0,MIXED
croissantLLM,croissantllm/CroissantLLMBase,kuliner,Northern America,0.501,0.363,-27.6,MIXED
croissantLLM,croissantllm/CroissantLLMBase,kuliner,Southern America,0.498,0.4,-19.7,MIXED
croissantLLM,croissantllm/CroissantLLMBase,kuliner,Western Africa,0.495,0.395,-20.2,MIXED
croissantLLM,croissantllm/CroissantLLMBase,kuliner,Eastern Africa,0.426,0.237,-44.5,IMBALANCE
croissantLLM,croissantllm/CroissantLLMBase,kuliner,South Eastern Asia,0.315,0.278,-11.7,GENUINE
croissantLLM,croissantllm/CroissantLLMBase,kuliner,Northern Africa,0.282,0.187,-33.7,MIXED
croissantLLM,croissantllm/CroissantLLMBase,kuliner,Central Africa,0.272,0.149,-45.3,IMBALANCE
croissantLLM,croissantllm/CroissantLLMBase,kuliner,Eastern Asia,0.165,0.159,-3.7,GENUINE
croissantLLM,croissantllm/CroissantLLMBase,kuliner,Southern Asia,0.165,0.183,10.9,GENUINE
croissantLLM,croissantllm/CroissantLLMBase,kuliner,Western Asia,0.137,0.064,-53.5,IMBALANCE
croissantLLM,croissantllm/CroissantLLMBase,kuliner,Central Asia,0.11,0.117,7.1,GENUINE
croissantLLM,croissantllm/CroissantLLMBase,kuliner,Western Europe,0.092,0.026,-72.1,IMBALANCE
croissantLLM,croissantllm/CroissantLLMBase,kuliner,Southern Europe,0.066,0.017,-74.8,IMBALANCE
croissantLLM,croissantllm/CroissantLLMBase,kuliner,Northern Europe,0.049,0.015,-69.9,IMBALANCE
croissantLLM,croissantllm/CroissantLLMBase,kuliner,Eastern Europe,0.037,0.016,-57.4,IMBALANCE
gemma,google/gemma-3-4b-pt,kuliner,Southern Africa,0.464,0.409,-12.0,GENUINE
gemma,google/gemma-3-4b-pt,kuliner,Western Africa,0.454,0.439,-3.2,GENUINE
gemma,google/gemma-3-4b-pt,kuliner,Caribbean,0.439,0.453,3.3,GENUINE
gemma,google/gemma-3-4b-pt,kuliner,Southern America,0.424,0.38,-10.2,GENUINE
gemma,google/gemma-3-4b-pt,kuliner,Oceania,0.346,0.425,23.0,MIXED
gemma,google/gemma-3-4b-pt,kuliner,Central America,0.34,0.245,-27.9,MIXED
gemma,google/gemma-3-4b-pt,kuliner,Northern America,0.289,0.301,4.2,GENUINE
gemma,google/gemma-3-4b-pt,kuliner,Eastern Africa,0.28,0.312,11.3,GENUINE
gemma,google/gemma-3-4b-pt,kuliner,South Eastern Asia,0.184,0.189,2.9,GENUINE
gemma,google/gemma-3-4b-pt,kuliner,Central Asia,0.183,0.281,53.7,IMBALANCE
gemma,google/gemma-3-4b-pt,kuliner,Northern Africa,0.161,0.099,-38.5,MIXED
gemma,google/gemma-3-4b-pt,kuliner,Central Africa,0.13,0.156,19.7,MIXED
gemma,google/gemma-3-4b-pt,kuliner,Western Asia,0.098,0.121,22.8,MIXED
gemma,google/gemma-3-4b-pt,kuliner,Eastern Asia,0.086,0.102,18.9,MIXED
gemma,google/gemma-3-4b-pt,kuliner,Eastern Europe,0.073,0.06,-17.8,MIXED
gemma,google/gemma-3-4b-pt,kuliner,Northern Europe,0.064,0.017,-74.0,IMBALANCE
gemma,google/gemma-3-4b-pt,kuliner,Western Europe,0.059,0.045,-24.9,MIXED
gemma,google/gemma-3-4b-pt,kuliner,Southern Europe,0.031,0.03,-3.5,GENUINE
gemma,google/gemma-3-4b-pt,kuliner,Southern Asia,0.028,0.124,346.2,IMBALANCE
kanana,kakaocorp/kanana-nano-2.1b-base,kuliner,Oceania,0.616,0.358,-41.9,IMBALANCE
kanana,kakaocorp/kanana-nano-2.1b-base,kuliner,Caribbean,0.597,0.494,-17.2,MIXED
kanana,kakaocorp/kanana-nano-2.1b-base,kuliner,Southern Africa,0.548,0.229,-58.1,IMBALANCE
kanana,kakaocorp/kanana-nano-2.1b-base,kuliner,Western Africa,0.407,0.302,-25.8,MIXED
kanana,kakaocorp/kanana-nano-2.1b-base,kuliner,Southern America,0.377,0.366,-3.0,GENUINE
kanana,kakaocorp/kanana-nano-2.1b-base,kuliner,Northern America,0.353,0.278,-21.3,MIXED
kanana,kakaocorp/kanana-nano-2.1b-base,kuliner,Central Africa,0.331,0.159,-52.0,IMBALANCE
kanana,kakaocorp/kanana-nano-2.1b-base,kuliner,Central America,0.324,0.287,-11.5,GENUINE
kanana,kakaocorp/kanana-nano-2.1b-base,kuliner,Northern Africa,0.29,0.183,-36.9,MIXED
kanana,kakaocorp/kanana-nano-2.1b-base,kuliner,South Eastern Asia,0.225,0.187,-16.9,MIXED
kanana,kakaocorp/kanana-nano-2.1b-base,kuliner,Eastern Africa,0.223,0.086,-61.2,IMBALANCE
kanana,kakaocorp/kanana-nano-2.1b-base,kuliner,Central Asia,0.179,0.187,4.5,GENUINE
kanana,kakaocorp/kanana-nano-2.1b-base,kuliner,Eastern Asia,0.118,0.109,-7.5,GENUINE
kanana,kakaocorp/kanana-nano-2.1b-base,kuliner,Southern Asia,0.087,0.062,-29.1,MIXED
kanana,kakaocorp/kanana-nano-2.1b-base,kuliner,Western Asia,0.064,0.037,-42.4,IMBALANCE
kanana,kakaocorp/kanana-nano-2.1b-base,kuliner,Western Europe,0.053,0.03,-43.0,IMBALANCE
kanana,kakaocorp/kanana-nano-2.1b-base,kuliner,Northern Europe,0.033,0.004,-86.7,IMBALANCE
kanana,kakaocorp/kanana-nano-2.1b-base,kuliner,Southern Europe,0.031,0.004,-87.1,IMBALANCE
kanana,kakaocorp/kanana-nano-2.1b-base,kuliner,Eastern Europe,0.016,0.001,-96.2,IMBALANCE
llama,meta-llama/Llama-3.2-3B,kuliner,Oceania,0.571,0.452,-20.8,MIXED
llama,meta-llama/Llama-3.2-3B,kuliner,Caribbean,0.488,0.413,-15.3,MIXED
llama,meta-llama/Llama-3.2-3B,kuliner,Southern Africa,0.483,0.358,-25.8,MIXED
llama,meta-llama/Llama-3.2-3B,kuliner,Southern America,0.434,0.328,-24.5,MIXED
llama,meta-llama/Llama-3.2-3B,kuliner,Eastern Africa,0.394,0.264,-33.0,MIXED
llama,meta-llama/Llama-3.2-3B,kuliner,Northern America,0.359,0.271,-24.3,MIXED
llama,meta-llama/Llama-3.2-3B,kuliner,Central America,0.327,0.202,-38.4,MIXED
llama,meta-llama/Llama-3.2-3B,kuliner,Western Africa,0.324,0.233,-28.3,MIXED
llama,meta-llama/Llama-3.2-3B,kuliner,Central Africa,0.324,0.061,-81.1,IMBALANCE
llama,meta-llama/Llama-3.2-3B,kuliner,South Eastern Asia,0.232,0.199,-14.2,GENUINE
llama,meta-llama/Llama-3.2-3B,kuliner,Northern Africa,0.212,0.147,-30.6,MIXED
llama,meta-llama/Llama-3.2-3B,kuliner,Western Asia,0.176,0.151,-14.3,GENUINE
llama,meta-llama/Llama-3.2-3B,kuliner,Eastern Asia,0.099,0.078,-21.5,MIXED
llama,meta-llama/Llama-3.2-3B,kuliner,Southern Asia,0.092,0.108,17.0,MIXED
llama,meta-llama/Llama-3.2-3B,kuliner,Central Asia,0.089,0.116,30.2,MIXED
llama,meta-llama/Llama-3.2-3B,kuliner,Western Europe,0.054,0.033,-39.1,MIXED
llama,meta-llama/Llama-3.2-3B,kuliner,Eastern Europe,0.043,0.016,-62.6,IMBALANCE
llama,meta-llama/Llama-3.2-3B,kuliner,Southern Europe,0.041,0.014,-66.4,IMBALANCE
llama,meta-llama/Llama-3.2-3B,kuliner,Northern Europe,0.027,0.007,-75.4,IMBALANCE
mistral,mistralai/Ministral-3-3B-Base-2512,kuliner,Southern Africa,0.49,0.595,21.5,MIXED
mistral,mistralai/Ministral-3-3B-Base-2512,kuliner,Oceania,0.383,0.407,6.3,GENUINE
mistral,mistralai/Ministral-3-3B-Base-2512,kuliner,Eastern Africa,0.338,0.325,-4.0,GENUINE
mistral,mistralai/Ministral-3-3B-Base-2512,kuliner,Southern America,0.328,0.412,25.7,MIXED
mistral,mistralai/Ministral-3-3B-Base-2512,kuliner,Northern America,0.328,0.406,24.0,MIXED
mistral,mistralai/Ministral-3-3B-Base-2512,kuliner,Central America,0.313,0.311,-0.6,GENUINE
mistral,mistralai/Ministral-3-3B-Base-2512,kuliner,Caribbean,0.3,0.538,79.2,IMBALANCE
mistral,mistralai/Ministral-3-3B-Base-2512,kuliner,South Eastern Asia,0.294,0.346,17.7,MIXED
mistral,mistralai/Ministral-3-3B-Base-2512,kuliner,Western Africa,0.292,0.367,25.8,MIXED
mistral,mistralai/Ministral-3-3B-Base-2512,kuliner,Central Asia,0.179,0.334,86.2,IMBALANCE
mistral,mistralai/Ministral-3-3B-Base-2512,kuliner,Northern Africa,0.176,0.128,-27.1,MIXED
mistral,mistralai/Ministral-3-3B-Base-2512,kuliner,Eastern Asia,0.129,0.194,50.9,IMBALANCE
mistral,mistralai/Ministral-3-3B-Base-2512,kuliner,Southern Asia,0.12,0.196,64.1,IMBALANCE
mistral,mistralai/Ministral-3-3B-Base-2512,kuliner,Central Africa,0.085,0.257,201.0,IMBALANCE
mistral,mistralai/Ministral-3-3B-Base-2512,kuliner,Western Europe,0.082,0.05,-39.4,MIXED
mistral,mistralai/Ministral-3-3B-Base-2512,kuliner,Western Asia,0.07,0.08,14.2,GENUINE
mistral,mistralai/Ministral-3-3B-Base-2512,kuliner,Northern Europe,0.067,0.015,-78.3,IMBALANCE
mistral,mistralai/Ministral-3-3B-Base-2512,kuliner,Southern Europe,0.06,0.028,-52.9,IMBALANCE
mistral,mistralai/Ministral-3-3B-Base-2512,kuliner,Eastern Europe,0.039,0.016,-58.9,IMBALANCE
qwen,Qwen/Qwen2.5-3B,kuliner,Southern Africa,0.598,0.392,-34.4,MIXED
qwen,Qwen/Qwen2.5-3B,kuliner,Oceania,0.56,0.354,-36.7,MIXED
qwen,Qwen/Qwen2.5-3B,kuliner,Southern America,0.507,0.411,-18.9,MIXED
qwen,Qwen/Qwen2.5-3B,kuliner,Caribbean,0.491,0.412,-15.9,MIXED
qwen,Qwen/Qwen2.5-3B,kuliner,Western Africa,0.454,0.253,-44.3,IMBALANCE
qwen,Qwen/Qwen2.5-3B,kuliner,Northern America,0.366,0.255,-30.2,MIXED
qwen,Qwen/Qwen2.5-3B,kuliner,Central America,0.358,0.275,-23.3,MIXED
qwen,Qwen/Qwen2.5-3B,kuliner,Central Asia,0.336,0.388,15.6,MIXED
qwen,Qwen/Qwen2.5-3B,kuliner,Eastern Africa,0.334,0.23,-31.1,MIXED
qwen,Qwen/Qwen2.5-3B,kuliner,Central Africa,0.311,0.143,-54.0,IMBALANCE
qwen,Qwen/Qwen2.5-3B,kuliner,South Eastern Asia,0.259,0.191,-26.0,MIXED
qwen,Qwen/Qwen2.5-3B,kuliner,Northern Africa,0.199,0.115,-42.5,IMBALANCE
qwen,Qwen/Qwen2.5-3B,kuliner,Eastern Asia,0.131,0.107,-18.0,MIXED
qwen,Qwen/Qwen2.5-3B,kuliner,Southern Asia,0.108,0.097,-10.2,GENUINE
qwen,Qwen/Qwen2.5-3B,kuliner,Eastern Europe,0.097,0.079,-18.1,MIXED
qwen,Qwen/Qwen2.5-3B,kuliner,Western Asia,0.091,0.064,-29.7,MIXED
qwen,Qwen/Qwen2.5-3B,kuliner,Western Europe,0.044,0.01,-78.1,IMBALANCE
qwen,Qwen/Qwen2.5-3B,kuliner,Northern Europe,0.044,0.025,-41.7,IMBALANCE
qwen,Qwen/Qwen2.5-3B,kuliner,Southern Europe,0.035,0.014,-58.1,IMBALANCE
sarvam,sarvamai/sarvam-1,kuliner,Southern Africa,0.778,0.462,-40.6,IMBALANCE
sarvam,sarvamai/sarvam-1,kuliner,Oceania,0.743,0.563,-24.3,MIXED
sarvam,sarvamai/sarvam-1,kuliner,Caribbean,0.709,0.488,-31.2,MIXED
sarvam,sarvamai/sarvam-1,kuliner,Southern America,0.661,0.477,-27.8,MIXED
sarvam,sarvamai/sarvam-1,kuliner,Central America,0.642,0.426,-33.6,MIXED
sarvam,sarvamai/sarvam-1,kuliner,Eastern Africa,0.564,0.31,-45.1,IMBALANCE
sarvam,sarvamai/sarvam-1,kuliner,Northern America,0.552,0.405,-26.7,MIXED
sarvam,sarvamai/sarvam-1,kuliner,Western Africa,0.5,0.265,-47.0,IMBALANCE
sarvam,sarvamai/sarvam-1,kuliner,Central Africa,0.437,0.278,-36.4,MIXED
sarvam,sarvamai/sarvam-1,kuliner,Northern Africa,0.389,0.123,-68.3,IMBALANCE
sarvam,sarvamai/sarvam-1,kuliner,South Eastern Asia,0.376,0.304,-19.1,MIXED
sarvam,sarvamai/sarvam-1,kuliner,Central Asia,0.3,0.368,22.6,MIXED
sarvam,sarvamai/sarvam-1,kuliner,Southern Asia,0.2,0.221,10.4,GENUINE
sarvam,sarvamai/sarvam-1,kuliner,Western Asia,0.197,0.123,-37.2,MIXED
sarvam,sarvamai/sarvam-1,kuliner,Eastern Asia,0.195,0.201,3.2,GENUINE
sarvam,sarvamai/sarvam-1,kuliner,Western Europe,0.116,0.029,-75.2,IMBALANCE
sarvam,sarvamai/sarvam-1,kuliner,Northern Europe,0.063,0.058,-6.8,GENUINE
sarvam,sarvamai/sarvam-1,kuliner,Southern Europe,0.062,0.006,-90.3,IMBALANCE
sarvam,sarvamai/sarvam-1,kuliner,Eastern Europe,0.049,0.017,-64.9,IMBALANCE
croissantLLM,croissantllm/CroissantLLMBase,musik,Northern America,0.45,0.42,-6.6,GENUINE
croissantLLM,croissantllm/CroissantLLMBase,musik,Southern America,0.444,0.482,8.6,GENUINE
croissantLLM,croissantllm/CroissantLLMBase,musik,Caribbean,0.432,0.529,22.4,MIXED
croissantLLM,croissantllm/CroissantLLMBase,musik,South Eastern Asia,0.404,0.534,32.3,MIXED
croissantLLM,croissantllm/CroissantLLMBase,musik,Southern Africa,0.385,0.403,4.7,GENUINE
croissantLLM,croissantllm/CroissantLLMBase,musik,Eastern Africa,0.373,0.345,-7.7,GENUINE
croissantLLM,croissantllm/CroissantLLMBase,musik,Eastern Asia,0.272,0.291,7.2,GENUINE
croissantLLM,croissantllm/CroissantLLMBase,musik,Central America,0.26,0.327,25.6,MIXED
croissantLLM,croissantllm/CroissantLLMBase,musik,Southern Asia,0.235,0.348,48.4,IMBALANCE
croissantLLM,croissantllm/CroissantLLMBase,musik,Oceania,0.229,0.341,48.8,IMBALANCE
croissantLLM,croissantllm/CroissantLLMBase,musik,Western Africa,0.194,0.295,51.9,IMBALANCE
croissantLLM,croissantllm/CroissantLLMBase,musik,Western Asia,0.18,0.245,36.1,MIXED
croissantLLM,croissantllm/CroissantLLMBase,musik,Central Asia,0.152,0.158,4.2,GENUINE
croissantLLM,croissantllm/CroissantLLMBase,musik,Northern Africa,0.132,0.213,61.5,IMBALANCE
croissantLLM,croissantllm/CroissantLLMBase,musik,Central Africa,0.089,0.062,-30.1,MIXED
croissantLLM,croissantllm/CroissantLLMBase,musik,Northern Europe,0.027,0.02,-24.6,MIXED
croissantLLM,croissantllm/CroissantLLMBase,musik,Southern Europe,0.023,0.04,73.9,IMBALANCE
croissantLLM,croissantllm/CroissantLLMBase,musik,Eastern Europe,0.016,0.021,29.5,MIXED
croissantLLM,croissantllm/CroissantLLMBase,musik,Western Europe,0.01,0.018,79.1,IMBALANCE
gemma,google/gemma-3-4b-pt,musik,Central America,0.313,0.347,10.6,GENUINE
gemma,google/gemma-3-4b-pt,musik,Caribbean,0.298,0.403,35.1,MIXED
gemma,google/gemma-3-4b-pt,musik,South Eastern Asia,0.292,0.346,18.2,MIXED
gemma,google/gemma-3-4b-pt,musik,Southern America,0.238,0.277,16.5,MIXED
gemma,google/gemma-3-4b-pt,musik,Eastern Africa,0.236,0.23,-2.5,GENUINE
gemma,google/gemma-3-4b-pt,musik,Southern Asia,0.227,0.228,0.5,GENUINE
gemma,google/gemma-3-4b-pt,musik,Northern Africa,0.221,0.273,23.3,MIXED
gemma,google/gemma-3-4b-pt,musik,Southern Africa,0.169,0.215,27.2,MIXED
gemma,google/gemma-3-4b-pt,musik,Eastern Asia,0.162,0.219,35.1,MIXED
gemma,google/gemma-3-4b-pt,musik,Central Asia,0.139,0.136,-1.8,GENUINE
gemma,google/gemma-3-4b-pt,musik,Oceania,0.133,0.251,88.6,IMBALANCE
gemma,google/gemma-3-4b-pt,musik,Northern America,0.118,0.2,68.8,IMBALANCE
gemma,google/gemma-3-4b-pt,musik,Western Africa,0.098,0.161,64.4,IMBALANCE
gemma,google/gemma-3-4b-pt,musik,Western Asia,0.085,0.166,96.5,IMBALANCE
gemma,google/gemma-3-4b-pt,musik,Western Europe,0.05,0.07,41.0,IMBALANCE
gemma,google/gemma-3-4b-pt,musik,Southern Europe,0.036,0.057,57.1,IMBALANCE
gemma,google/gemma-3-4b-pt,musik,Northern Europe,0.023,0.052,130.4,IMBALANCE
gemma,google/gemma-3-4b-pt,musik,Central Africa,0.003,0.034,1195.9,IMBALANCE
gemma,google/gemma-3-4b-pt,musik,Eastern Europe,0.001,0.003,338.3,IMBALANCE
kanana,kakaocorp/kanana-nano-2.1b-base,musik,Southern America,0.342,0.365,6.7,GENUINE
kanana,kakaocorp/kanana-nano-2.1b-base,musik,Central America,0.315,0.337,7.0,GENUINE
kanana,kakaocorp/kanana-nano-2.1b-base,musik,Southern Asia,0.283,0.318,12.2,GENUINE
kanana,kakaocorp/kanana-nano-2.1b-base,musik,Eastern Asia,0.25,0.267,6.9,GENUINE
kanana,kakaocorp/kanana-nano-2.1b-base,musik,Caribbean,0.244,0.32,31.4,MIXED
kanana,kakaocorp/kanana-nano-2.1b-base,musik,South Eastern Asia,0.244,0.373,53.2,IMBALANCE
kanana,kakaocorp/kanana-nano-2.1b-base,musik,Southern Africa,0.243,0.294,21.0,MIXED
kanana,kakaocorp/kanana-nano-2.1b-base,musik,Northern America,0.227,0.293,29.0,MIXED
kanana,kakaocorp/kanana-nano-2.1b-base,musik,Oceania,0.219,0.194,-11.2,GENUINE
kanana,kakaocorp/kanana-nano-2.1b-base,musik,Eastern Africa,0.146,0.171,17.1,MIXED
kanana,kakaocorp/kanana-nano-2.1b-base,musik,Western Africa,0.124,0.299,140.7,IMBALANCE
kanana,kakaocorp/kanana-nano-2.1b-base,musik,Northern Africa,0.117,0.27,131.1,IMBALANCE
kanana,kakaocorp/kanana-nano-2.1b-base,musik,Central Asia,0.058,0.138,139.8,IMBALANCE
kanana,kakaocorp/kanana-nano-2.1b-base,musik,Central Africa,0.056,0.055,-1.3,GENUINE
kanana,kakaocorp/kanana-nano-2.1b-base,musik,Southern Europe,0.041,0.029,-29.0,MIXED
kanana,kakaocorp/kanana-nano-2.1b-base,musik,Western Europe,0.028,0.056,101.1,IMBALANCE
kanana,kakaocorp/kanana-nano-2.1b-base,musik,Northern Europe,0.025,0.048,92.3,IMBALANCE
kanana,kakaocorp/kanana-nano-2.1b-base,musik,Eastern Europe,0.012,0.007,-40.1,IMBALANCE
kanana,kakaocorp/kanana-nano-2.1b-base,musik,Western Asia,0.011,0.12,963.5,IMBALANCE
llama,meta-llama/Llama-3.2-3B,musik,Southern Asia,0.4,0.447,12.0,GENUINE
llama,meta-llama/Llama-3.2-3B,musik,Southern Africa,0.378,0.344,-9.0,GENUINE
llama,meta-llama/Llama-3.2-3B,musik,Southern America,0.349,0.37,5.8,GENUINE
llama,meta-llama/Llama-3.2-3B,musik,Northern America,0.347,0.386,11.1,GENUINE
llama,meta-llama/Llama-3.2-3B,musik,Caribbean,0.338,0.377,11.7,GENUINE
llama,meta-llama/Llama-3.2-3B,musik,South Eastern Asia,0.337,0.44,30.7,MIXED
llama,meta-llama/Llama-3.2-3B,musik,Central America,0.323,0.374,15.8,MIXED
llama,meta-llama/Llama-3.2-3B,musik,Eastern Africa,0.239,0.288,20.4,MIXED
llama,meta-llama/Llama-3.2-3B,musik,Eastern Asia,0.213,0.269,26.3,MIXED
llama,meta-llama/Llama-3.2-3B,musik,Oceania,0.191,0.3,57.1,IMBALANCE
llama,meta-llama/Llama-3.2-3B,musik,Northern Africa,0.188,0.372,97.7,IMBALANCE
llama,meta-llama/Llama-3.2-3B,musik,Western Asia,0.164,0.225,36.7,MIXED
llama,meta-llama/Llama-3.2-3B,musik,Central Asia,0.157,0.191,21.8,MIXED
llama,meta-llama/Llama-3.2-3B,musik,Western Africa,0.1,0.171,69.7,IMBALANCE
llama,meta-llama/Llama-3.2-3B,musik,Northern Europe,0.059,0.085,44.2,IMBALANCE
llama,meta-llama/Llama-3.2-3B,musik,Central Africa,0.055,0.052,-4.2,GENUINE
llama,meta-llama/Llama-3.2-3B,musik,Eastern Europe,0.033,0.021,-35.1,MIXED
llama,meta-llama/Llama-3.2-3B,musik,Southern Europe,0.025,0.038,49.0,IMBALANCE
llama,meta-llama/Llama-3.2-3B,musik,Western Europe,0.014,0.032,132.4,IMBALANCE
mistral,mistralai/Ministral-3-3B-Base-2512,musik,Caribbean,0.269,0.343,27.4,MIXED
mistral,mistralai/Ministral-3-3B-Base-2512,musik,Northern America,0.25,0.31,24.1,MIXED
mistral,mistralai/Ministral-3-3B-Base-2512,musik,Southern Asia,0.245,0.278,13.5,GENUINE
mistral,mistralai/Ministral-3-3B-Base-2512,musik,Southern America,0.235,0.25,6.3,GENUINE
mistral,mistralai/Ministral-3-3B-Base-2512,musik,South Eastern Asia,0.233,0.346,48.8,IMBALANCE
mistral,mistralai/Ministral-3-3B-Base-2512,musik,Southern Africa,0.19,0.251,32.1,MIXED
mistral,mistralai/Ministral-3-3B-Base-2512,musik,Eastern Africa,0.177,0.179,1.1,GENUINE
mistral,mistralai/Ministral-3-3B-Base-2512,musik,Eastern Asia,0.177,0.218,22.9,MIXED
mistral,mistralai/Ministral-3-3B-Base-2512,musik,Central America,0.162,0.247,52.1,IMBALANCE
mistral,mistralai/Ministral-3-3B-Base-2512,musik,Northern Africa,0.16,0.267,66.9,IMBALANCE
mistral,mistralai/Ministral-3-3B-Base-2512,musik,Central Africa,0.104,0.124,19.1,MIXED
mistral,mistralai/Ministral-3-3B-Base-2512,musik,Central Asia,0.091,0.093,1.9,GENUINE
mistral,mistralai/Ministral-3-3B-Base-2512,musik,Oceania,0.084,0.19,125.7,IMBALANCE
mistral,mistralai/Ministral-3-3B-Base-2512,musik,Western Africa,0.072,0.161,124.2,IMBALANCE
mistral,mistralai/Ministral-3-3B-Base-2512,musik,Western Asia,0.021,0.04,94.3,IMBALANCE
mistral,mistralai/Ministral-3-3B-Base-2512,musik,Northern Europe,0.016,0.034,117.6,IMBALANCE
mistral,mistralai/Ministral-3-3B-Base-2512,musik,Western Europe,0.015,0.011,-27.6,MIXED
mistral,mistralai/Ministral-3-3B-Base-2512,musik,Eastern Europe,0.014,0.011,-23.5,MIXED
mistral,mistralai/Ministral-3-3B-Base-2512,musik,Southern Europe,0.004,0.012,215.5,IMBALANCE
qwen,Qwen/Qwen2.5-3B,musik,Central America,0.403,0.428,6.2,GENUINE
qwen,Qwen/Qwen2.5-3B,musik,Southern America,0.363,0.423,16.5,MIXED
qwen,Qwen/Qwen2.5-3B,musik,South Eastern Asia,0.345,0.448,30.0,MIXED
qwen,Qwen/Qwen2.5-3B,musik,Caribbean,0.332,0.447,34.4,MIXED
qwen,Qwen/Qwen2.5-3B,musik,Northern America,0.329,0.355,7.7,GENUINE
qwen,Qwen/Qwen2.5-3B,musik,Southern Africa,0.309,0.304,-1.8,GENUINE
qwen,Qwen/Qwen2.5-3B,musik,Eastern Africa,0.304,0.29,-4.7,GENUINE
qwen,Qwen/Qwen2.5-3B,musik,Eastern Asia,0.302,0.349,15.6,MIXED
qwen,Qwen/Qwen2.5-3B,musik,Southern Asia,0.3,0.298,-0.4,GENUINE
qwen,Qwen/Qwen2.5-3B,musik,Oceania,0.203,0.243,19.9,MIXED
qwen,Qwen/Qwen2.5-3B,musik,Western Africa,0.2,0.361,80.8,IMBALANCE
qwen,Qwen/Qwen2.5-3B,musik,Western Asia,0.182,0.205,12.6,GENUINE
qwen,Qwen/Qwen2.5-3B,musik,Central Asia,0.117,0.126,7.6,GENUINE
qwen,Qwen/Qwen2.5-3B,musik,Southern Europe,0.087,0.086,-0.8,GENUINE
qwen,Qwen/Qwen2.5-3B,musik,Central Africa,0.08,0.099,23.2,MIXED
qwen,Qwen/Qwen2.5-3B,musik,Western Europe,0.073,0.067,-8.2,GENUINE
qwen,Qwen/Qwen2.5-3B,musik,Northern Africa,0.069,0.185,168.7,IMBALANCE
qwen,Qwen/Qwen2.5-3B,musik,Northern Europe,0.054,0.088,62.2,IMBALANCE
qwen,Qwen/Qwen2.5-3B,musik,Eastern Europe,0.02,0.027,36.4,MIXED
sarvam,sarvamai/sarvam-1,musik,Southern Africa,0.575,0.377,-34.5,MIXED
sarvam,sarvamai/sarvam-1,musik,Southern Asia,0.554,0.333,-39.9,MIXED
sarvam,sarvamai/sarvam-1,musik,Central America,0.515,0.386,-25.1,MIXED
sarvam,sarvamai/sarvam-1,musik,Eastern Asia,0.486,0.36,-25.8,MIXED
sarvam,sarvamai/sarvam-1,musik,South Eastern Asia,0.485,0.305,-37.2,MIXED
sarvam,sarvamai/sarvam-1,musik,Caribbean,0.474,0.368,-22.3,MIXED
sarvam,sarvamai/sarvam-1,musik,Southern America,0.471,0.377,-19.9,MIXED
sarvam,sarvamai/sarvam-1,musik,Northern America,0.44,0.337,-23.5,MIXED
sarvam,sarvamai/sarvam-1,musik,Eastern Africa,0.417,0.285,-31.6,MIXED
sarvam,sarvamai/sarvam-1,musik,Northern Africa,0.367,0.273,-25.5,MIXED
sarvam,sarvamai/sarvam-1,musik,Western Africa,0.366,0.279,-23.7,MIXED
sarvam,sarvamai/sarvam-1,musik,Central Asia,0.335,0.207,-38.2,MIXED
sarvam,sarvamai/sarvam-1,musik,Oceania,0.31,0.275,-11.3,GENUINE
sarvam,sarvamai/sarvam-1,musik,Central Africa,0.188,0.093,-50.4,IMBALANCE
sarvam,sarvamai/sarvam-1,musik,Western Asia,0.18,0.06,-66.8,IMBALANCE
sarvam,sarvamai/sarvam-1,musik,Northern Europe,0.144,0.094,-34.5,MIXED
sarvam,sarvamai/sarvam-1,musik,Southern Europe,0.083,0.052,-37.3,MIXED
sarvam,sarvamai/sarvam-1,musik,Eastern Europe,0.078,0.033,-57.6,IMBALANCE
sarvam,sarvamai/sarvam-1,musik,Western Europe,0.028,0.032,14.7,GENUINE
