model,model_id,domain,row_order,Region,CentDist_Original
croissantLLM,croissantllm/CroissantLLMBase,kuliner,1,Eastern Europe,4.417183
croissantLLM,croissantllm/CroissantLLMBase,kuliner,2,Northern Europe,6.517666
croissantLLM,croissantllm/CroissantLLMBase,kuliner,3,Central Asia,9.62812
croissantLLM,croissantllm/CroissantLLMBase,kuliner,4,Western Europe,9.816969
croissantLLM,croissantllm/CroissantLLMBase,kuliner,5,Southern Europe,11.011637
croissantLLM,croissantllm/CroissantLLMBase,kuliner,6,Southern Asia,11.219741
croissantLLM,croissantllm/CroissantLLMBase,kuliner,7,Western Asia,12.035631
croissantLLM,croissantllm/CroissantLLMBase,kuliner,8,Eastern Asia,12.505212
croissantLLM,croissantllm/CroissantLLMBase,kuliner,9,Northern Africa,16.091372
croissantLLM,croissantllm/CroissantLLMBase,kuliner,10,South Eastern Asia,28.621193
gemma,google/gemma-3-4b-pt,kuliner,1,Eastern Europe,3.979838
gemma,google/gemma-3-4b-pt,kuliner,2,Southern Asia,5.332674
gemma,google/gemma-3-4b-pt,kuliner,3,Northern Europe,7.108897
gemma,google/gemma-3-4b-pt,kuliner,4,Southern Europe,7.981738
gemma,google/gemma-3-4b-pt,kuliner,5,Western Europe,8.325008
gemma,google/gemma-3-4b-pt,kuliner,6,Eastern Asia,8.945759
gemma,google/gemma-3-4b-pt,kuliner,7,Western Asia,10.120456
gemma,google/gemma-3-4b-pt,kuliner,8,Northern Africa,16.136281
gemma,google/gemma-3-4b-pt,kuliner,9,Central Asia,16.74746
gemma,google/gemma-3-4b-pt,kuliner,10,South Eastern Asia,18.014326
kanana,kakaocorp/kanana-nano-2.1b-base,kuliner,1,Eastern Europe,3.083712
kanana,kakaocorp/kanana-nano-2.1b-base,kuliner,2,Northern Europe,7.294447
kanana,kakaocorp/kanana-nano-2.1b-base,kuliner,3,Western Europe,8.324525
kanana,kakaocorp/kanana-nano-2.1b-base,kuliner,4,Southern Europe,8.748389
kanana,kakaocorp/kanana-nano-2.1b-base,kuliner,5,Western Asia,9.121806
kanana,kakaocorp/kanana-nano-2.1b-base,kuliner,6,Southern Asia,9.535338
kanana,kakaocorp/kanana-nano-2.1b-base,kuliner,7,Eastern Asia,11.961791
kanana,kakaocorp/kanana-nano-2.1b-base,kuliner,8,Central Asia,12.115561
kanana,kakaocorp/kanana-nano-2.1b-base,kuliner,9,Northern Africa,20.012184
kanana,kakaocorp/kanana-nano-2.1b-base,kuliner,10,South Eastern Asia,26.075594
llama,meta-llama/Llama-3.2-3B,kuliner,1,Eastern Europe,0.464602
llama,meta-llama/Llama-3.2-3B,kuliner,2,Northern Europe,3.586197
llama,meta-llama/Llama-3.2-3B,kuliner,3,Western Europe,6.512583
llama,meta-llama/Llama-3.2-3B,kuliner,4,Southern Europe,6.897117
llama,meta-llama/Llama-3.2-3B,kuliner,5,Southern Asia,8.602505
llama,meta-llama/Llama-3.2-3B,kuliner,6,Eastern Asia,8.908059
llama,meta-llama/Llama-3.2-3B,kuliner,7,Central Asia,8.939651
llama,meta-llama/Llama-3.2-3B,kuliner,8,Western Asia,10.926206
llama,meta-llama/Llama-3.2-3B,kuliner,9,Northern Africa,13.024255
llama,meta-llama/Llama-3.2-3B,kuliner,10,South Eastern Asia,19.068016
mistral,mistralai/Ministral-3-3B-Base-2512,kuliner,1,Eastern Europe,5.900697
mistral,mistralai/Ministral-3-3B-Base-2512,kuliner,2,Western Asia,9.756142
mistral,mistralai/Ministral-3-3B-Base-2512,kuliner,3,Northern Europe,10.477394
mistral,mistralai/Ministral-3-3B-Base-2512,kuliner,4,Western Europe,11.447916
mistral,mistralai/Ministral-3-3B-Base-2512,kuliner,5,Central Asia,12.433858
mistral,mistralai/Ministral-3-3B-Base-2512,kuliner,6,Southern Europe,12.688226
mistral,mistralai/Ministral-3-3B-Base-2512,kuliner,7,Eastern Asia,13.774368
mistral,mistralai/Ministral-3-3B-Base-2512,kuliner,8,Southern Asia,15.861771
mistral,mistralai/Ministral-3-3B-Base-2512,kuliner,9,Northern Africa,18.166755
mistral,mistralai/Ministral-3-3B-Base-2512,kuliner,10,Central Africa,23.846703
qwen,Qwen/Qwen2.5-3B,kuliner,1,Eastern Europe,4.033005
qwen,Qwen/Qwen2.5-3B,kuliner,2,Northern Europe,5.188032
qwen,Qwen/Qwen2.5-3B,kuliner,3,Western Europe,6.336413
qwen,Qwen/Qwen2.5-3B,kuliner,4,Southern Europe,6.660808
qwen,Qwen/Qwen2.5-3B,kuliner,5,Western Asia,8.374924
qwen,Qwen/Qwen2.5-3B,kuliner,6,Southern Asia,8.709723
qwen,Qwen/Qwen2.5-3B,kuliner,7,Eastern Asia,10.653391
qwen,Qwen/Qwen2.5-3B,kuliner,8,Northern Africa,12.315552
qwen,Qwen/Qwen2.5-3B,kuliner,9,Central Asia,19.713974
qwen,Qwen/Qwen2.5-3B,kuliner,10,South Eastern Asia,23.918976
sarvam,sarvamai/sarvam-1,kuliner,1,Eastern Europe,0.550207
sarvam,sarvamai/sarvam-1,kuliner,2,Northern Europe,6.947257
sarvam,sarvamai/sarvam-1,kuliner,3,Western Europe,8.794191
sarvam,sarvamai/sarvam-1,kuliner,4,Southern Europe,9.717141
sarvam,sarvamai/sarvam-1,kuliner,5,Southern Asia,11.39408
sarvam,sarvamai/sarvam-1,kuliner,6,Western Asia,12.359941
sarvam,sarvamai/sarvam-1,kuliner,7,Central Asia,13.461683
sarvam,sarvamai/sarvam-1,kuliner,8,Eastern Asia,14.102206
sarvam,sarvamai/sarvam-1,kuliner,9,Northern Africa,19.745498
sarvam,sarvamai/sarvam-1,kuliner,10,South Eastern Asia,31.239073
croissantLLM,croissantllm/CroissantLLMBase,musik,1,Western Europe,2.389082
croissantLLM,croissantllm/CroissantLLMBase,musik,2,Southern Europe,4.136603
croissantLLM,croissantllm/CroissantLLMBase,musik,3,Northern Europe,4.707955
croissantLLM,croissantllm/CroissantLLMBase,musik,4,Eastern Europe,5.351527
croissantLLM,croissantllm/CroissantLLMBase,musik,5,Central Africa,10.786602
croissantLLM,croissantllm/CroissantLLMBase,musik,6,Central Asia,11.573341
croissantLLM,croissantllm/CroissantLLMBase,musik,7,Northern Africa,12.371629
croissantLLM,croissantllm/CroissantLLMBase,musik,8,Western Asia,17.131221
croissantLLM,croissantllm/CroissantLLMBase,musik,9,Western Africa,19.256978
croissantLLM,croissantllm/CroissantLLMBase,musik,10,Southern Asia,21.882032
gemma,google/gemma-3-4b-pt,musik,1,Central Africa,2.713869
gemma,google/gemma-3-4b-pt,musik,2,Northern Europe,3.311817
gemma,google/gemma-3-4b-pt,musik,3,Eastern Europe,3.47113
gemma,google/gemma-3-4b-pt,musik,4,Southern Europe,5.59129
gemma,google/gemma-3-4b-pt,musik,5,Western Europe,6.141488
gemma,google/gemma-3-4b-pt,musik,6,Western Asia,10.440173
gemma,google/gemma-3-4b-pt,musik,7,Central Asia,13.713359
gemma,google/gemma-3-4b-pt,musik,8,Western Africa,16.354503
gemma,google/gemma-3-4b-pt,musik,9,Northern Africa,19.174546
gemma,google/gemma-3-4b-pt,musik,10,Eastern Asia,19.550246
kanana,kakaocorp/kanana-nano-2.1b-base,musik,1,Western Asia,2.975822
kanana,kakaocorp/kanana-nano-2.1b-base,musik,2,Eastern Europe,5.050036
kanana,kakaocorp/kanana-nano-2.1b-base,musik,3,Western Europe,5.533725
kanana,kakaocorp/kanana-nano-2.1b-base,musik,4,Northern Europe,7.287956
kanana,kakaocorp/kanana-nano-2.1b-base,musik,5,Southern Europe,7.424783
kanana,kakaocorp/kanana-nano-2.1b-base,musik,6,Central Africa,10.147572
kanana,kakaocorp/kanana-nano-2.1b-base,musik,7,Central Asia,10.779381
kanana,kakaocorp/kanana-nano-2.1b-base,musik,8,Northern Africa,19.416125
kanana,kakaocorp/kanana-nano-2.1b-base,musik,9,Eastern Africa,22.535779
kanana,kakaocorp/kanana-nano-2.1b-base,musik,10,Eastern Asia,25.113019
llama,meta-llama/Llama-3.2-3B,musik,1,Western Europe,2.9163
llama,meta-llama/Llama-3.2-3B,musik,2,Southern Europe,4.34053
llama,meta-llama/Llama-3.2-3B,musik,3,Eastern Europe,6.097461
llama,meta-llama/Llama-3.2-3B,musik,4,Northern Europe,6.178305
llama,meta-llama/Llama-3.2-3B,musik,5,Central Africa,8.632244
llama,meta-llama/Llama-3.2-3B,musik,6,Central Asia,12.500363
llama,meta-llama/Llama-3.2-3B,musik,7,Northern Africa,13.185184
llama,meta-llama/Llama-3.2-3B,musik,8,Western Asia,13.704219
llama,meta-llama/Llama-3.2-3B,musik,9,Western Africa,14.71366
llama,meta-llama/Llama-3.2-3B,musik,10,Eastern Asia,19.651557
mistral,mistralai/Ministral-3-3B-Base-2512,musik,1,Southern Europe,2.743683
mistral,mistralai/Ministral-3-3B-Base-2512,musik,2,Western Europe,3.740428
mistral,mistralai/Ministral-3-3B-Base-2512,musik,3,Western Asia,5.478863
mistral,mistralai/Ministral-3-3B-Base-2512,musik,4,Northern Europe,5.550969
mistral,mistralai/Ministral-3-3B-Base-2512,musik,5,Eastern Europe,6.053058
mistral,mistralai/Ministral-3-3B-Base-2512,musik,6,Central Asia,12.028013
mistral,mistralai/Ministral-3-3B-Base-2512,musik,7,Western Africa,15.601922
mistral,mistralai/Ministral-3-3B-Base-2512,musik,8,Central Africa,17.097041
mistral,mistralai/Ministral-3-3B-Base-2512,musik,9,Northern Africa,17.967091
mistral,mistralai/Ministral-3-3B-Base-2512,musik,10,Eastern Africa,21.020563
qwen,Qwen/Qwen2.5-3B,musik,1,Eastern Europe,5.231022
qwen,Qwen/Qwen2.5-3B,musik,2,Western Europe,6.439978
qwen,Qwen/Qwen2.5-3B,musik,3,Northern Europe,6.571098
qwen,Qwen/Qwen2.5-3B,musik,4,Southern Europe,8.928979
qwen,Qwen/Qwen2.5-3B,musik,5,Northern Africa,9.462964
qwen,Qwen/Qwen2.5-3B,musik,6,Central Asia,11.082955
qwen,Qwen/Qwen2.5-3B,musik,7,Central Africa,12.01951
qwen,Qwen/Qwen2.5-3B,musik,8,Western Asia,16.298085
qwen,Qwen/Qwen2.5-3B,musik,9,Western Africa,18.949695
qwen,Qwen/Qwen2.5-3B,musik,10,Eastern Asia,23.857202
sarvam,sarvamai/sarvam-1,musik,1,Western Europe,3.476089
sarvam,sarvamai/sarvam-1,musik,2,Southern Europe,7.536051
sarvam,sarvamai/sarvam-1,musik,3,Eastern Europe,8.580496
sarvam,sarvamai/sarvam-1,musik,4,Northern Europe,9.938856
sarvam,sarvamai/sarvam-1,musik,5,Western Asia,11.005817
sarvam,sarvamai/sarvam-1,musik,6,Central Africa,16.083996
sarvam,sarvamai/sarvam-1,musik,7,Northern Africa,17.173722
sarvam,sarvamai/sarvam-1,musik,8,Central Asia,17.698563
sarvam,sarvamai/sarvam-1,musik,9,Western Africa,23.399779
sarvam,sarvamai/sarvam-1,musik,10,Eastern Africa,28.942989
