model,model_id,domain,Negara,Rank,Artefak,Prob_as_printed
croissantLLM,croissantllm/CroissantLLMBase,kuliner,INDONESIA,1,Sate,17.8192
croissantLLM,croissantllm/CroissantLLMBase,kuliner,INDONESIA,2,Rendang,17.386
croissantLLM,croissantllm/CroissantLLMBase,kuliner,INDONESIA,3,Roti,16.9074
croissantLLM,croissantllm/CroissantLLMBase,kuliner,INDONESIA,4,Bakso,16.6613
croissantLLM,croissantllm/CroissantLLMBase,kuliner,INDONESIA,5,Pizza,16.0795
croissantLLM,croissantllm/CroissantLLMBase,kuliner,JAPAN,1,Udon,19.5904
croissantLLM,croissantllm/CroissantLLMBase,kuliner,JAPAN,2,Sushi,19.2124
croissantLLM,croissantllm/CroissantLLMBase,kuliner,JAPAN,3,Takoyaki,18.8325
croissantLLM,croissantllm/CroissantLLMBase,kuliner,JAPAN,4,Tonkatsu,18.444
croissantLLM,croissantllm/CroissantLLMBase,kuliner,JAPAN,5,Okonomiyaki,18.0852
croissantLLM,croissantllm/CroissantLLMBase,kuliner,ITALY,1,Pizza,21.5626
croissantLLM,croissantllm/CroissantLLMBase,kuliner,ITALY,2,Risotto,20.1272
croissantLLM,croissantllm/CroissantLLMBase,kuliner,ITALY,3,Ricotta,17.6967
croissantLLM,croissantllm/CroissantLLMBase,kuliner,ITALY,4,Parmigiana,17.5613
croissantLLM,croissantllm/CroissantLLMBase,kuliner,ITALY,5,Pastizz,17.3795
croissantLLM,croissantllm/CroissantLLMBase,kuliner,MEXICO,1,Churro,18.1325
croissantLLM,croissantllm/CroissantLLMBase,kuliner,MEXICO,2,Pozole,17.4808
croissantLLM,croissantllm/CroissantLLMBase,kuliner,MEXICO,3,Tamale,17.4081
croissantLLM,croissantllm/CroissantLLMBase,kuliner,MEXICO,4,Guacamole,17.3677
croissantLLM,croissantllm/CroissantLLMBase,kuliner,MEXICO,5,Tortilla,17.106
croissantLLM,croissantllm/CroissantLLMBase,kuliner,LEBANON,1,Falafel,18.9693
croissantLLM,croissantllm/CroissantLLMBase,kuliner,LEBANON,2,Kebab,18.3261
croissantLLM,croissantllm/CroissantLLMBase,kuliner,LEBANON,3,Harira,18.1735
croissantLLM,croissantllm/CroissantLLMBase,kuliner,LEBANON,4,Baba,18.0944
croissantLLM,croissantllm/CroissantLLMBase,kuliner,LEBANON,5,Hummus,17.6084
gemma,google/gemma-3-4b-pt,kuliner,INDONESIA,1,Nasi Goreng,23.2144
gemma,google/gemma-3-4b-pt,kuliner,INDONESIA,2,Rendang,21.0887
gemma,google/gemma-3-4b-pt,kuliner,INDONESIA,3,Nasi Uduk,20.9639
gemma,google/gemma-3-4b-pt,kuliner,INDONESIA,4,Sate,20.1659
gemma,google/gemma-3-4b-pt,kuliner,INDONESIA,5,Nasi Campur,19.9617
gemma,google/gemma-3-4b-pt,kuliner,JAPAN,1,Sushi,23.1141
gemma,google/gemma-3-4b-pt,kuliner,JAPAN,2,Tempura,19.5486
gemma,google/gemma-3-4b-pt,kuliner,JAPAN,3,Okonomiyaki,19.4412
gemma,google/gemma-3-4b-pt,kuliner,JAPAN,4,Udon,19.1978
gemma,google/gemma-3-4b-pt,kuliner,JAPAN,5,Yakitori,18.443
gemma,google/gemma-3-4b-pt,kuliner,ITALY,1,Pizza,22.8172
gemma,google/gemma-3-4b-pt,kuliner,ITALY,2,Carbonara,18.691
gemma,google/gemma-3-4b-pt,kuliner,ITALY,3,Risotto,18.2642
gemma,google/gemma-3-4b-pt,kuliner,ITALY,4,Gelato,17.2499
gemma,google/gemma-3-4b-pt,kuliner,ITALY,5,Tortellini,17.0252
gemma,google/gemma-3-4b-pt,kuliner,MEXICO,1,Tortilla,20.0684
gemma,google/gemma-3-4b-pt,kuliner,MEXICO,2,Taco,19.5854
gemma,google/gemma-3-4b-pt,kuliner,MEXICO,3,Pozole,19.1147
gemma,google/gemma-3-4b-pt,kuliner,MEXICO,4,Burrito,18.4434
gemma,google/gemma-3-4b-pt,kuliner,MEXICO,5,Chilaquiles,18.4214
gemma,google/gemma-3-4b-pt,kuliner,LEBANON,1,Kibbeh,22.9165
gemma,google/gemma-3-4b-pt,kuliner,LEBANON,2,Hummus,22.579
gemma,google/gemma-3-4b-pt,kuliner,LEBANON,3,Shawarma,22.3873
gemma,google/gemma-3-4b-pt,kuliner,LEBANON,4,Mansaf,21.8577
gemma,google/gemma-3-4b-pt,kuliner,LEBANON,5,Falafel,21.6185
kanana,kakaocorp/kanana-nano-2.1b-base,kuliner,INDONESIA,1,Nasi Goreng,22.1273
kanana,kakaocorp/kanana-nano-2.1b-base,kuliner,INDONESIA,2,Sate,20.9425
kanana,kakaocorp/kanana-nano-2.1b-base,kuliner,INDONESIA,3,Rendang,19.4292
kanana,kakaocorp/kanana-nano-2.1b-base,kuliner,INDONESIA,4,Nasi Campur,19.3034
kanana,kakaocorp/kanana-nano-2.1b-base,kuliner,INDONESIA,5,Lontong,18.6958
kanana,kakaocorp/kanana-nano-2.1b-base,kuliner,JAPAN,1,Sushi,21.8287
kanana,kakaocorp/kanana-nano-2.1b-base,kuliner,JAPAN,2,Udon,19.5688
kanana,kakaocorp/kanana-nano-2.1b-base,kuliner,JAPAN,3,Okonomiyaki,19.5004
kanana,kakaocorp/kanana-nano-2.1b-base,kuliner,JAPAN,4,Tempura,19.2519
kanana,kakaocorp/kanana-nano-2.1b-base,kuliner,JAPAN,5,Mochi,18.8363
kanana,kakaocorp/kanana-nano-2.1b-base,kuliner,ITALY,1,Pizza,21.9373
kanana,kakaocorp/kanana-nano-2.1b-base,kuliner,ITALY,2,Parmigiana,18.1238
kanana,kakaocorp/kanana-nano-2.1b-base,kuliner,ITALY,3,Risotto,18.0782
kanana,kakaocorp/kanana-nano-2.1b-base,kuliner,ITALY,4,Ravioli,17.4687
kanana,kakaocorp/kanana-nano-2.1b-base,kuliner,ITALY,5,Macaron,17.2957
kanana,kakaocorp/kanana-nano-2.1b-base,kuliner,MEXICO,1,Taco,19.5746
kanana,kakaocorp/kanana-nano-2.1b-base,kuliner,MEXICO,2,Elote,19.4841
kanana,kakaocorp/kanana-nano-2.1b-base,kuliner,MEXICO,3,Tortilla,19.0151
kanana,kakaocorp/kanana-nano-2.1b-base,kuliner,MEXICO,4,Chilaquiles,18.7082
kanana,kakaocorp/kanana-nano-2.1b-base,kuliner,MEXICO,5,Guacamole,18.2558
kanana,kakaocorp/kanana-nano-2.1b-base,kuliner,LEBANON,1,Kibbeh,20.471
kanana,kakaocorp/kanana-nano-2.1b-base,kuliner,LEBANON,2,Kebab,20.1892
kanana,kakaocorp/kanana-nano-2.1b-base,kuliner,LEBANON,3,Falafel,20.1525
kanana,kakaocorp/kanana-nano-2.1b-base,kuliner,LEBANON,4,Baba,20.061
kanana,kakaocorp/kanana-nano-2.1b-base,kuliner,LEBANON,5,Shawarma,19.5074
llama,meta-llama/Llama-3.2-3B,kuliner,INDONESIA,1,Nasi Goreng,21.8018
llama,meta-llama/Llama-3.2-3B,kuliner,INDONESIA,2,Nasi Campur,19.6496
llama,meta-llama/Llama-3.2-3B,kuliner,INDONESIA,3,Sate,19.4694
llama,meta-llama/Llama-3.2-3B,kuliner,INDONESIA,4,Rendang,19.2667
llama,meta-llama/Llama-3.2-3B,kuliner,INDONESIA,5,Rijsttafel,18.3303
llama,meta-llama/Llama-3.2-3B,kuliner,JAPAN,1,Sushi,20.9616
llama,meta-llama/Llama-3.2-3B,kuliner,JAPAN,2,Okonomiyaki,19.0684
llama,meta-llama/Llama-3.2-3B,kuliner,JAPAN,3,Takoyaki,18.0922
llama,meta-llama/Llama-3.2-3B,kuliner,JAPAN,4,Yakitori,18.0725
llama,meta-llama/Llama-3.2-3B,kuliner,JAPAN,5,Mochi,17.6719
llama,meta-llama/Llama-3.2-3B,kuliner,ITALY,1,Pizza,19.8258
llama,meta-llama/Llama-3.2-3B,kuliner,ITALY,2,Risotto,18.6928
llama,meta-llama/Llama-3.2-3B,kuliner,ITALY,3,Focaccia,17.7169
llama,meta-llama/Llama-3.2-3B,kuliner,ITALY,4,Carbonara,16.4966
llama,meta-llama/Llama-3.2-3B,kuliner,ITALY,5,Gelato,16.1765
llama,meta-llama/Llama-3.2-3B,kuliner,MEXICO,1,Chilaquiles,18.8464
llama,meta-llama/Llama-3.2-3B,kuliner,MEXICO,2,Tortilla,18.3827
llama,meta-llama/Llama-3.2-3B,kuliner,MEXICO,3,Pozole,17.2764
llama,meta-llama/Llama-3.2-3B,kuliner,MEXICO,4,Guacamole,17.2415
llama,meta-llama/Llama-3.2-3B,kuliner,MEXICO,5,Nachos,17.1847
llama,meta-llama/Llama-3.2-3B,kuliner,LEBANON,1,Kibbeh,22.2486
llama,meta-llama/Llama-3.2-3B,kuliner,LEBANON,2,Mansaf,19.9765
llama,meta-llama/Llama-3.2-3B,kuliner,LEBANON,3,Knafeh,18.8093
llama,meta-llama/Llama-3.2-3B,kuliner,LEBANON,4,Falafel,18.7929
llama,meta-llama/Llama-3.2-3B,kuliner,LEBANON,5,Mandi,18.4272
mistral,mistralai/Ministral-3-3B-Base-2512,kuliner,INDONESIA,1,Rendang,24.7388
mistral,mistralai/Ministral-3-3B-Base-2512,kuliner,INDONESIA,2,Nasi Goreng,23.4443
mistral,mistralai/Ministral-3-3B-Base-2512,kuliner,INDONESIA,3,Bakso,21.5972
mistral,mistralai/Ministral-3-3B-Base-2512,kuliner,INDONESIA,4,Sate,20.5653
mistral,mistralai/Ministral-3-3B-Base-2512,kuliner,INDONESIA,5,Roti,20.5461
mistral,mistralai/Ministral-3-3B-Base-2512,kuliner,JAPAN,1,Sushi,26.4708
mistral,mistralai/Ministral-3-3B-Base-2512,kuliner,JAPAN,2,Udon,21.4467
mistral,mistralai/Ministral-3-3B-Base-2512,kuliner,JAPAN,3,Risotto,21.2605
mistral,mistralai/Ministral-3-3B-Base-2512,kuliner,JAPAN,4,Tempura,21.1554
mistral,mistralai/Ministral-3-3B-Base-2512,kuliner,JAPAN,5,Bento,20.7145
mistral,mistralai/Ministral-3-3B-Base-2512,kuliner,ITALY,1,Pizza,26.2687
mistral,mistralai/Ministral-3-3B-Base-2512,kuliner,ITALY,2,Risotto,22.4969
mistral,mistralai/Ministral-3-3B-Base-2512,kuliner,ITALY,3,Ricotta,20.7334
mistral,mistralai/Ministral-3-3B-Base-2512,kuliner,ITALY,4,Ravioli,20.1104
mistral,mistralai/Ministral-3-3B-Base-2512,kuliner,ITALY,5,Parmigiana,19.6902
mistral,mistralai/Ministral-3-3B-Base-2512,kuliner,MEXICO,1,Taco,24.1045
mistral,mistralai/Ministral-3-3B-Base-2512,kuliner,MEXICO,2,Tortilla,23.5856
mistral,mistralai/Ministral-3-3B-Base-2512,kuliner,MEXICO,3,Tamale,22.5007
mistral,mistralai/Ministral-3-3B-Base-2512,kuliner,MEXICO,4,Chilaquiles,21.4187
mistral,mistralai/Ministral-3-3B-Base-2512,kuliner,MEXICO,5,Carnitas,21.273
mistral,mistralai/Ministral-3-3B-Base-2512,kuliner,LEBANON,1,Hummus,23.4278
mistral,mistralai/Ministral-3-3B-Base-2512,kuliner,LEBANON,2,Kibbeh,22.9797
mistral,mistralai/Ministral-3-3B-Base-2512,kuliner,LEBANON,3,Tabbouleh,22.7073
mistral,mistralai/Ministral-3-3B-Base-2512,kuliner,LEBANON,4,Falafel,21.7555
mistral,mistralai/Ministral-3-3B-Base-2512,kuliner,LEBANON,5,Shawarma,21.4631
qwen,Qwen/Qwen2.5-3B,kuliner,INDONESIA,1,Nasi Goreng,22.9461
qwen,Qwen/Qwen2.5-3B,kuliner,INDONESIA,2,Roti,21.4851
qwen,Qwen/Qwen2.5-3B,kuliner,INDONESIA,3,Lontong,20.613
qwen,Qwen/Qwen2.5-3B,kuliner,INDONESIA,4,Rendang,20.0368
qwen,Qwen/Qwen2.5-3B,kuliner,INDONESIA,5,Sate,20.0073
qwen,Qwen/Qwen2.5-3B,kuliner,JAPAN,1,Sushi,22.5404
qwen,Qwen/Qwen2.5-3B,kuliner,JAPAN,2,Udon,19.1643
qwen,Qwen/Qwen2.5-3B,kuliner,JAPAN,3,Onigiri,18.9921
qwen,Qwen/Qwen2.5-3B,kuliner,JAPAN,4,Okonomiyaki,18.9012
qwen,Qwen/Qwen2.5-3B,kuliner,JAPAN,5,Oden,18.4082
qwen,Qwen/Qwen2.5-3B,kuliner,ITALY,1,Pizza,21.5864
qwen,Qwen/Qwen2.5-3B,kuliner,ITALY,2,Risotto,17.3452
qwen,Qwen/Qwen2.5-3B,kuliner,ITALY,3,Ravioli,17.0512
qwen,Qwen/Qwen2.5-3B,kuliner,ITALY,4,Parmigiana,16.8667
qwen,Qwen/Qwen2.5-3B,kuliner,ITALY,5,Porchetta,16.2724
qwen,Qwen/Qwen2.5-3B,kuliner,MEXICO,1,Taco,18.0103
qwen,Qwen/Qwen2.5-3B,kuliner,MEXICO,2,Tortilla,17.8535
qwen,Qwen/Qwen2.5-3B,kuliner,MEXICO,3,Tostada,17.2374
qwen,Qwen/Qwen2.5-3B,kuliner,MEXICO,4,Nachos,17.0303
qwen,Qwen/Qwen2.5-3B,kuliner,MEXICO,5,Enchilada,16.8321
qwen,Qwen/Qwen2.5-3B,kuliner,LEBANON,1,Kibbeh,21.4218
qwen,Qwen/Qwen2.5-3B,kuliner,LEBANON,2,Falafel,20.7509
qwen,Qwen/Qwen2.5-3B,kuliner,LEBANON,3,Tabbouleh,19.8554
qwen,Qwen/Qwen2.5-3B,kuliner,LEBANON,4,Pita,19.7166
qwen,Qwen/Qwen2.5-3B,kuliner,LEBANON,5,Shawarma,19.3422
sarvam,sarvamai/sarvam-1,kuliner,INDONESIA,1,Nasi Goreng,25.2913
sarvam,sarvamai/sarvam-1,kuliner,INDONESIA,2,Rijsttafel,23.217
sarvam,sarvamai/sarvam-1,kuliner,INDONESIA,3,Rendang,22.717
sarvam,sarvamai/sarvam-1,kuliner,INDONESIA,4,Roti,22.6829
sarvam,sarvamai/sarvam-1,kuliner,INDONESIA,5,Ketupat,22.5668
sarvam,sarvamai/sarvam-1,kuliner,JAPAN,1,Sushi,23.4307
sarvam,sarvamai/sarvam-1,kuliner,JAPAN,2,Tempura,22.0933
sarvam,sarvamai/sarvam-1,kuliner,JAPAN,3,Takoyaki,21.6022
sarvam,sarvamai/sarvam-1,kuliner,JAPAN,4,Udon,20.9875
sarvam,sarvamai/sarvam-1,kuliner,JAPAN,5,Tteok,20.7106
sarvam,sarvamai/sarvam-1,kuliner,ITALY,1,Pizza,22.9065
sarvam,sarvamai/sarvam-1,kuliner,ITALY,2,Paella,21.3104
sarvam,sarvamai/sarvam-1,kuliner,ITALY,3,Risotto,20.6449
sarvam,sarvamai/sarvam-1,kuliner,ITALY,4,Carbonara,20.3388
sarvam,sarvamai/sarvam-1,kuliner,ITALY,5,Tortellini,20.089
sarvam,sarvamai/sarvam-1,kuliner,MEXICO,1,Taco,24.1201
sarvam,sarvamai/sarvam-1,kuliner,MEXICO,2,Tortilla,21.8064
sarvam,sarvamai/sarvam-1,kuliner,MEXICO,3,Elote,20.3871
sarvam,sarvamai/sarvam-1,kuliner,MEXICO,4,Enchilada,20.0561
sarvam,sarvamai/sarvam-1,kuliner,MEXICO,5,Carnitas,19.9188
sarvam,sarvamai/sarvam-1,kuliner,LEBANON,1,Kibbeh,23.4439
sarvam,sarvamai/sarvam-1,kuliner,LEBANON,2,Falafel,23.3862
sarvam,sarvamai/sarvam-1,kuliner,LEBANON,3,Shawarma,22.975
sarvam,sarvamai/sarvam-1,kuliner,LEBANON,4,Hummus,22.8115
sarvam,sarvamai/sarvam-1,kuliner,LEBANON,5,Tabbouleh,21.7672
croissantLLM,croissantllm/CroissantLLMBase,musik,INDONESIA,1,Kendang,17.949
croissantLLM,croissantllm/CroissantLLMBase,musik,INDONESIA,2,Ka,16.708
croissantLLM,croissantllm/CroissantLLMBase,musik,INDONESIA,3,Bo,16.685
croissantLLM,croissantllm/CroissantLLMBase,musik,INDONESIA,4,Bata,16.4879
croissantLLM,croissantllm/CroissantLLMBase,musik,INDONESIA,5,Si,16.4615
croissantLLM,croissantllm/CroissantLLMBase,musik,JAPAN,1,Koto,19.3591
croissantLLM,croissantllm/CroissantLLMBase,musik,JAPAN,2,Taiko,19.1739
croissantLLM,croissantllm/CroissantLLMBase,musik,JAPAN,3,Shakuhachi,17.7938
croissantLLM,croissantllm/CroissantLLMBase,musik,JAPAN,4,Saz,17.617
croissantLLM,croissantllm/CroissantLLMBase,musik,JAPAN,5,Ka,17.1223
croissantLLM,croissantllm/CroissantLLMBase,musik,ITALY,1,Tar,17.1607
croissantLLM,croissantllm/CroissantLLMBase,musik,ITALY,2,Viola,17.0351
croissantLLM,croissantllm/CroissantLLMBase,musik,ITALY,3,Guitarra,16.9894
croissantLLM,croissantllm/CroissantLLMBase,musik,ITALY,4,Bo,16.468
croissantLLM,croissantllm/CroissantLLMBase,musik,ITALY,5,Violin,16.4271
croissantLLM,croissantllm/CroissantLLMBase,musik,MEXICO,1,Tres,18.0134
croissantLLM,croissantllm/CroissantLLMBase,musik,MEXICO,2,Tar,17.3645
croissantLLM,croissantllm/CroissantLLMBase,musik,MEXICO,3,Saz,17.0985
croissantLLM,croissantllm/CroissantLLMBase,musik,MEXICO,4,Cuatro,16.7242
croissantLLM,croissantllm/CroissantLLMBase,musik,MEXICO,5,Pipa,16.6329
croissantLLM,croissantllm/CroissantLLMBase,musik,LEBANON,1,Oud,18.4195
croissantLLM,croissantllm/CroissantLLMBase,musik,LEBANON,2,Daf,17.5709
croissantLLM,croissantllm/CroissantLLMBase,musik,LEBANON,3,Nay,17.079
croissantLLM,croissantllm/CroissantLLMBase,musik,LEBANON,4,Bass,16.7278
croissantLLM,croissantllm/CroissantLLMBase,musik,LEBANON,5,Tar,16.7147
gemma,google/gemma-3-4b-pt,musik,INDONESIA,1,Gong,22.0435
gemma,google/gemma-3-4b-pt,musik,INDONESIA,2,Angklung,21.901
gemma,google/gemma-3-4b-pt,musik,INDONESIA,3,Gambus,20.5367
gemma,google/gemma-3-4b-pt,musik,INDONESIA,4,Suling,20.2625
gemma,google/gemma-3-4b-pt,musik,INDONESIA,5,Gambang,20.0367
gemma,google/gemma-3-4b-pt,musik,JAPAN,1,Koto,22.8528
gemma,google/gemma-3-4b-pt,musik,JAPAN,2,Taiko,22.5471
gemma,google/gemma-3-4b-pt,musik,JAPAN,3,Shakuhachi,21.2414
gemma,google/gemma-3-4b-pt,musik,JAPAN,4,Sho,20.1207
gemma,google/gemma-3-4b-pt,musik,JAPAN,5,Biwa,19.9151
gemma,google/gemma-3-4b-pt,musik,ITALY,1,Zampogna,17.8076
gemma,google/gemma-3-4b-pt,musik,ITALY,2,Lira,17.7556
gemma,google/gemma-3-4b-pt,musik,ITALY,3,Violin,17.7544
gemma,google/gemma-3-4b-pt,musik,ITALY,4,Pipa,17.4271
gemma,google/gemma-3-4b-pt,musik,ITALY,5,Tambur,17.0575
gemma,google/gemma-3-4b-pt,musik,MEXICO,1,Marimba,19.8394
gemma,google/gemma-3-4b-pt,musik,MEXICO,2,Tres,18.9158
gemma,google/gemma-3-4b-pt,musik,MEXICO,3,Charango,18.3935
gemma,google/gemma-3-4b-pt,musik,MEXICO,4,Tar,18.2283
gemma,google/gemma-3-4b-pt,musik,MEXICO,5,Maracas,18.2144
gemma,google/gemma-3-4b-pt,musik,LEBANON,1,Nay,19.5985
gemma,google/gemma-3-4b-pt,musik,LEBANON,2,Tar,18.9735
gemma,google/gemma-3-4b-pt,musik,LEBANON,3,Rabab,18.5092
gemma,google/gemma-3-4b-pt,musik,LEBANON,4,Riq,18.4566
gemma,google/gemma-3-4b-pt,musik,LEBANON,5,Oud,18.3797
kanana,kakaocorp/kanana-nano-2.1b-base,musik,INDONESIA,1,Suling,17.5599
kanana,kakaocorp/kanana-nano-2.1b-base,musik,INDONESIA,2,Banjo,17.3881
kanana,kakaocorp/kanana-nano-2.1b-base,musik,INDONESIA,3,Balafon,17.1797
kanana,kakaocorp/kanana-nano-2.1b-base,musik,INDONESIA,4,Saron,16.4193
kanana,kakaocorp/kanana-nano-2.1b-base,musik,INDONESIA,5,Tun,16.2195
kanana,kakaocorp/kanana-nano-2.1b-base,musik,JAPAN,1,Koto,20.2236
kanana,kakaocorp/kanana-nano-2.1b-base,musik,JAPAN,2,Banjo,17.1912
kanana,kakaocorp/kanana-nano-2.1b-base,musik,JAPAN,3,Taiko,16.9909
kanana,kakaocorp/kanana-nano-2.1b-base,musik,JAPAN,4,Tsuzumi,16.3953
kanana,kakaocorp/kanana-nano-2.1b-base,musik,JAPAN,5,Shakuhachi,16.1002
kanana,kakaocorp/kanana-nano-2.1b-base,musik,ITALY,1,Guitarra,16.4449
kanana,kakaocorp/kanana-nano-2.1b-base,musik,ITALY,2,Fiddle,16.3161
kanana,kakaocorp/kanana-nano-2.1b-base,musik,ITALY,3,Banjo,16.0517
kanana,kakaocorp/kanana-nano-2.1b-base,musik,ITALY,4,Sitar,16.0207
kanana,kakaocorp/kanana-nano-2.1b-base,musik,ITALY,5,Marimba,15.6408
kanana,kakaocorp/kanana-nano-2.1b-base,musik,MEXICO,1,Marimba,16.8728
kanana,kakaocorp/kanana-nano-2.1b-base,musik,MEXICO,2,Guitarra,16.7063
kanana,kakaocorp/kanana-nano-2.1b-base,musik,MEXICO,3,Cuica,16.4865
kanana,kakaocorp/kanana-nano-2.1b-base,musik,MEXICO,4,Quena,15.8508
kanana,kakaocorp/kanana-nano-2.1b-base,musik,MEXICO,5,Cuatro,15.7833
kanana,kakaocorp/kanana-nano-2.1b-base,musik,LEBANON,1,Daf,17.5461
kanana,kakaocorp/kanana-nano-2.1b-base,musik,LEBANON,2,Qanun,17.4925
kanana,kakaocorp/kanana-nano-2.1b-base,musik,LEBANON,3,Barbat,16.8971
kanana,kakaocorp/kanana-nano-2.1b-base,musik,LEBANON,4,Darbuka,16.7634
kanana,kakaocorp/kanana-nano-2.1b-base,musik,LEBANON,5,Abu,16.5282
llama,meta-llama/Llama-3.2-3B,musik,INDONESIA,1,Suling,21.6513
llama,meta-llama/Llama-3.2-3B,musik,INDONESIA,2,Saron,21.5263
llama,meta-llama/Llama-3.2-3B,musik,INDONESIA,3,Gong,20.6957
llama,meta-llama/Llama-3.2-3B,musik,INDONESIA,4,Kendang,19.2096
llama,meta-llama/Llama-3.2-3B,musik,INDONESIA,5,Kacapi,18.4368
llama,meta-llama/Llama-3.2-3B,musik,JAPAN,1,Koto,23.8222
llama,meta-llama/Llama-3.2-3B,musik,JAPAN,2,Taiko,23.3747
llama,meta-llama/Llama-3.2-3B,musik,JAPAN,3,Shamisen,19.7489
llama,meta-llama/Llama-3.2-3B,musik,JAPAN,4,Shakuhachi,19.2855
llama,meta-llama/Llama-3.2-3B,musik,JAPAN,5,Shinobue,18.295
llama,meta-llama/Llama-3.2-3B,musik,ITALY,1,Mandolin,17.9804
llama,meta-llama/Llama-3.2-3B,musik,ITALY,2,Tar,17.4258
llama,meta-llama/Llama-3.2-3B,musik,ITALY,3,Tambour,16.8216
llama,meta-llama/Llama-3.2-3B,musik,ITALY,4,Mandolino,16.7768
llama,meta-llama/Llama-3.2-3B,musik,ITALY,5,Ocarina,16.6793
llama,meta-llama/Llama-3.2-3B,musik,MEXICO,1,Marimba,18.731
llama,meta-llama/Llama-3.2-3B,musik,MEXICO,2,Charango,18.063
llama,meta-llama/Llama-3.2-3B,musik,MEXICO,3,Tambor,16.7913
llama,meta-llama/Llama-3.2-3B,musik,MEXICO,4,Tar,16.3056
llama,meta-llama/Llama-3.2-3B,musik,MEXICO,5,Maracas,16.0251
llama,meta-llama/Llama-3.2-3B,musik,LEBANON,1,Tar,18.9872
llama,meta-llama/Llama-3.2-3B,musik,LEBANON,2,Darbuka,18.268
llama,meta-llama/Llama-3.2-3B,musik,LEBANON,3,Tambour,17.8824
llama,meta-llama/Llama-3.2-3B,musik,LEBANON,4,Mandolin,17.853
llama,meta-llama/Llama-3.2-3B,musik,LEBANON,5,Zurna,17.842
mistral,mistralai/Ministral-3-3B-Base-2512,musik,INDONESIA,1,Angklung,18.5646
mistral,mistralai/Ministral-3-3B-Base-2512,musik,INDONESIA,2,Kendang,18.5195
mistral,mistralai/Ministral-3-3B-Base-2512,musik,INDONESIA,3,Duduk,17.9449
mistral,mistralai/Ministral-3-3B-Base-2512,musik,INDONESIA,4,Sitar,17.7395
mistral,mistralai/Ministral-3-3B-Base-2512,musik,INDONESIA,5,Gambang,17.7273
mistral,mistralai/Ministral-3-3B-Base-2512,musik,JAPAN,1,Koto,23.7774
mistral,mistralai/Ministral-3-3B-Base-2512,musik,JAPAN,2,Shamisen,23.7582
mistral,mistralai/Ministral-3-3B-Base-2512,musik,JAPAN,3,Shakuhachi,23.2355
mistral,mistralai/Ministral-3-3B-Base-2512,musik,JAPAN,4,Shinobue,21.6387
mistral,mistralai/Ministral-3-3B-Base-2512,musik,JAPAN,5,Kokyu,21.3494
mistral,mistralai/Ministral-3-3B-Base-2512,musik,ITALY,1,Ocarina,17.9687
mistral,mistralai/Ministral-3-3B-Base-2512,musik,ITALY,2,Bass,17.3054
mistral,mistralai/Ministral-3-3B-Base-2512,musik,ITALY,3,Tor,17.0576
mistral,mistralai/Ministral-3-3B-Base-2512,musik,ITALY,4,Glockenspiel,17.0174
mistral,mistralai/Ministral-3-3B-Base-2512,musik,ITALY,5,Lira,16.7482
mistral,mistralai/Ministral-3-3B-Base-2512,musik,MEXICO,1,Tres,17.9478
mistral,mistralai/Ministral-3-3B-Base-2512,musik,MEXICO,2,Guitarron,17.722
mistral,mistralai/Ministral-3-3B-Base-2512,musik,MEXICO,3,Tar,17.4551
mistral,mistralai/Ministral-3-3B-Base-2512,musik,MEXICO,4,Tor,17.3926
mistral,mistralai/Ministral-3-3B-Base-2512,musik,MEXICO,5,Guitarro,17.3032
mistral,mistralai/Ministral-3-3B-Base-2512,musik,LEBANON,1,Kanun,19.5006
mistral,mistralai/Ministral-3-3B-Base-2512,musik,LEBANON,2,Mizmar,19.0395
mistral,mistralai/Ministral-3-3B-Base-2512,musik,LEBANON,3,Oud,18.9
mistral,mistralai/Ministral-3-3B-Base-2512,musik,LEBANON,4,Ud,18.8684
mistral,mistralai/Ministral-3-3B-Base-2512,musik,LEBANON,5,Qanun,17.567
qwen,Qwen/Qwen2.5-3B,musik,INDONESIA,1,Suling,18.0978
qwen,Qwen/Qwen2.5-3B,musik,INDONESIA,2,Saron,17.8478
qwen,Qwen/Qwen2.5-3B,musik,INDONESIA,3,Dutar,17.5533
qwen,Qwen/Qwen2.5-3B,musik,INDONESIA,4,Sitar,17.4728
qwen,Qwen/Qwen2.5-3B,musik,INDONESIA,5,Angklung,17.3523
qwen,Qwen/Qwen2.5-3B,musik,JAPAN,1,Koto,21.8038
qwen,Qwen/Qwen2.5-3B,musik,JAPAN,2,Taiko,19.5257
qwen,Qwen/Qwen2.5-3B,musik,JAPAN,3,Ocarina,18.4154
qwen,Qwen/Qwen2.5-3B,musik,JAPAN,4,Shinobue,18.311
qwen,Qwen/Qwen2.5-3B,musik,JAPAN,5,Sheng,18.0962
qwen,Qwen/Qwen2.5-3B,musik,ITALY,1,Fiddle,16.4851
qwen,Qwen/Qwen2.5-3B,musik,ITALY,2,Viola,16.3545
qwen,Qwen/Qwen2.5-3B,musik,ITALY,3,Violin,15.8216
qwen,Qwen/Qwen2.5-3B,musik,ITALY,4,Oud,15.7496
qwen,Qwen/Qwen2.5-3B,musik,ITALY,5,Piffero,15.6637
qwen,Qwen/Qwen2.5-3B,musik,MEXICO,1,Ocarina,18.3127
qwen,Qwen/Qwen2.5-3B,musik,MEXICO,2,Tor,16.8838
qwen,Qwen/Qwen2.5-3B,musik,MEXICO,3,Maracas,16.6555
qwen,Qwen/Qwen2.5-3B,musik,MEXICO,4,Tama,16.501
qwen,Qwen/Qwen2.5-3B,musik,MEXICO,5,Tiple,16.3135
qwen,Qwen/Qwen2.5-3B,musik,LEBANON,1,Oud,18.7673
qwen,Qwen/Qwen2.5-3B,musik,LEBANON,2,Qanun,18.4957
qwen,Qwen/Qwen2.5-3B,musik,LEBANON,3,Zurna,18.4939
qwen,Qwen/Qwen2.5-3B,musik,LEBANON,4,Daf,18.1251
qwen,Qwen/Qwen2.5-3B,musik,LEBANON,5,Surma,17.2023
sarvam,sarvamai/sarvam-1,musik,INDONESIA,1,Gong,23.3449
sarvam,sarvamai/sarvam-1,musik,INDONESIA,2,Gangsa,22.4865
sarvam,sarvamai/sarvam-1,musik,INDONESIA,3,Kulintang,21.9867
sarvam,sarvamai/sarvam-1,musik,INDONESIA,4,Agung,21.7182
sarvam,sarvamai/sarvam-1,musik,INDONESIA,5,Gambus,21.5093
sarvam,sarvamai/sarvam-1,musik,JAPAN,1,Taiko,23.3876
sarvam,sarvamai/sarvam-1,musik,JAPAN,2,Koto,22.7329
sarvam,sarvamai/sarvam-1,musik,JAPAN,3,Shakuhachi,21.0783
sarvam,sarvamai/sarvam-1,musik,JAPAN,4,Tom,19.5162
sarvam,sarvamai/sarvam-1,musik,JAPAN,5,Bo,19.2662
sarvam,sarvamai/sarvam-1,musik,ITALY,1,Violin,20.3582
sarvam,sarvamai/sarvam-1,musik,ITALY,2,Viola,18.3582
sarvam,sarvamai/sarvam-1,musik,ITALY,3,Tambour,17.9597
sarvam,sarvamai/sarvam-1,musik,ITALY,4,Bass,17.6181
sarvam,sarvamai/sarvam-1,musik,ITALY,5,Ocarina,17.6121
sarvam,sarvamai/sarvam-1,musik,MEXICO,1,Maracas,21.2226
sarvam,sarvamai/sarvam-1,musik,MEXICO,2,Marimba,20.8768
sarvam,sarvamai/sarvam-1,musik,MEXICO,3,Guitarra,20.633
sarvam,sarvamai/sarvam-1,musik,MEXICO,4,Guitarro,19.383
sarvam,sarvamai/sarvam-1,musik,MEXICO,5,Vihuela,18.9451
sarvam,sarvamai/sarvam-1,musik,LEBANON,1,Oud,20.8849
sarvam,sarvamai/sarvam-1,musik,LEBANON,2,Tabl,20.3124
sarvam,sarvamai/sarvam-1,musik,LEBANON,3,Daf,19.8744
sarvam,sarvamai/sarvam-1,musik,LEBANON,4,Qanun,19.7676
sarvam,sarvamai/sarvam-1,musik,LEBANON,5,Santur,19.6639
