model,model_id,domain,row_order,Layer,Depth,Err_s42,Err_mean,Err_sd,SD_titik,R2_lat,R2_lon,Alpha
croissantLLM,croissantllm/CroissantLLMBase,kuliner,1,0,0.0,18.651,18.862,0.53,20.103,0.353,0.813,150.0
croissantLLM,croissantllm/CroissantLLMBase,kuliner,2,1,0.042,19.036,18.974,0.523,19.904,0.313,0.807,50.0
croissantLLM,croissantllm/CroissantLLMBase,kuliner,3,2,0.083,18.292,18.393,0.606,19.84,0.374,0.809,50.0
croissantLLM,croissantllm/CroissantLLMBase,kuliner,4,3,0.125,17.851,17.867,0.619,21.169,0.435,0.799,50.0
croissantLLM,croissantllm/CroissantLLMBase,kuliner,5,4,0.167,18.632,18.406,0.671,21.3,0.421,0.789,150.0
croissantLLM,croissantllm/CroissantLLMBase,kuliner,6,5,0.208,18.281,18.078,0.7,20.894,0.431,0.791,50.0
croissantLLM,croissantllm/CroissantLLMBase,kuliner,7,6,0.25,18.662,18.638,0.599,21.42,0.398,0.786,50.0
croissantLLM,croissantllm/CroissantLLMBase,kuliner,8,7,0.292,18.07,17.695,0.726,22.327,0.437,0.799,150.0
croissantLLM,croissantllm/CroissantLLMBase,kuliner,9,8,0.333,17.728,17.432,0.653,20.953,0.476,0.804,150.0
croissantLLM,croissantllm/CroissantLLMBase,kuliner,10,9,0.375,17.159,17.126,0.813,20.292,0.5,0.769,50.0
croissantLLM,croissantllm/CroissantLLMBase,kuliner,11,10,0.417,15.82,16.295,0.767,18.839,0.519,0.818,50.0
croissantLLM,croissantllm/CroissantLLMBase,kuliner,12,11,0.458,16.186,16.535,0.767,19.872,0.478,0.811,150.0
croissantLLM,croissantllm/CroissantLLMBase,kuliner,13,12,0.5,15.994,16.371,0.611,19.7,0.461,0.815,150.0
croissantLLM,croissantllm/CroissantLLMBase,kuliner,14,13,0.542,16.021,16.751,0.571,19.579,0.455,0.8,150.0
croissantLLM,croissantllm/CroissantLLMBase,kuliner,15,14,0.583,15.835,16.522,0.655,19.982,0.473,0.805,150.0
croissantLLM,croissantllm/CroissantLLMBase,kuliner,16,15,0.625,16.3,16.81,0.616,20.243,0.46,0.802,150.0
croissantLLM,croissantllm/CroissantLLMBase,kuliner,17,16,0.667,16.237,16.815,0.624,20.208,0.465,0.804,150.0
croissantLLM,croissantllm/CroissantLLMBase,kuliner,18,17,0.708,16.057,16.717,0.657,19.508,0.464,0.809,150.0
croissantLLM,croissantllm/CroissantLLMBase,kuliner,19,18,0.75,16.784,17.062,0.54,20.564,0.468,0.799,150.0
croissantLLM,croissantllm/CroissantLLMBase,kuliner,20,19,0.792,16.734,16.765,0.551,19.347,0.497,0.819,150.0
croissantLLM,croissantllm/CroissantLLMBase,kuliner,21,20,0.833,17.378,17.098,0.656,20.129,0.474,0.817,150.0
croissantLLM,croissantllm/CroissantLLMBase,kuliner,22,21,0.875,17.043,17.027,0.588,19.11,0.472,0.83,150.0
croissantLLM,croissantllm/CroissantLLMBase,kuliner,23,22,0.917,17.156,17.137,0.635,19.746,0.446,0.832,150.0
croissantLLM,croissantllm/CroissantLLMBase,kuliner,24,23,0.958,17.524,17.322,0.63,20.592,0.43,0.83,150.0
croissantLLM,croissantllm/CroissantLLMBase,kuliner,25,24,1.0,16.839,16.656,0.611,18.983,0.498,0.834,50.0
gemma,google/gemma-3-4b-pt,kuliner,1,0,0.0,20.426,21.259,1.221,21.032,0.457,0.725,500.0
gemma,google/gemma-3-4b-pt,kuliner,2,1,0.029,21.36,23.451,1.234,19.291,0.287,0.683,500.0
gemma,google/gemma-3-4b-pt,kuliner,3,2,0.059,22.343,23.549,0.711,19.906,0.205,0.623,500.0
gemma,google/gemma-3-4b-pt,kuliner,4,3,0.088,21.519,22.714,0.74,22.729,0.27,0.615,500.0
gemma,google/gemma-3-4b-pt,kuliner,5,4,0.118,21.137,21.883,0.83,19.747,0.315,0.696,500.0
gemma,google/gemma-3-4b-pt,kuliner,6,5,0.147,19.722,20.672,0.956,21.047,0.36,0.768,500.0
gemma,google/gemma-3-4b-pt,kuliner,7,6,0.176,18.666,19.497,0.824,20.644,0.393,0.788,500.0
gemma,google/gemma-3-4b-pt,kuliner,8,7,0.206,18.351,18.997,0.775,20.828,0.422,0.788,500.0
gemma,google/gemma-3-4b-pt,kuliner,9,8,0.235,17.755,18.386,0.574,21.469,0.426,0.792,500.0
gemma,google/gemma-3-4b-pt,kuliner,10,9,0.265,18.245,18.667,0.493,22.766,0.373,0.771,500.0
gemma,google/gemma-3-4b-pt,kuliner,11,10,0.294,17.348,18.167,0.653,21.313,0.405,0.757,150.0
gemma,google/gemma-3-4b-pt,kuliner,12,11,0.324,17.121,17.655,0.577,21.417,0.419,0.785,150.0
gemma,google/gemma-3-4b-pt,kuliner,13,12,0.353,17.441,17.978,0.64,22.106,0.4,0.75,50.0
gemma,google/gemma-3-4b-pt,kuliner,14,13,0.382,16.981,17.706,0.698,21.518,0.4,0.749,50.0
gemma,google/gemma-3-4b-pt,kuliner,15,14,0.412,16.667,17.466,0.842,21.068,0.418,0.715,50.0
gemma,google/gemma-3-4b-pt,kuliner,16,15,0.441,16.429,17.02,0.718,20.288,0.43,0.733,50.0
gemma,google/gemma-3-4b-pt,kuliner,17,16,0.471,15.646,16.388,0.67,19.586,0.47,0.746,50.0
gemma,google/gemma-3-4b-pt,kuliner,18,17,0.5,15.532,16.37,0.56,19.864,0.494,0.742,50.0
gemma,google/gemma-3-4b-pt,kuliner,19,18,0.529,15.22,15.809,0.443,18.471,0.539,0.736,50.0
gemma,google/gemma-3-4b-pt,kuliner,20,19,0.559,15.484,15.931,0.422,18.921,0.545,0.726,50.0
gemma,google/gemma-3-4b-pt,kuliner,21,20,0.588,15.157,15.664,0.459,18.225,0.557,0.735,50.0
gemma,google/gemma-3-4b-pt,kuliner,22,21,0.618,15.487,15.951,0.542,18.875,0.565,0.715,50.0
gemma,google/gemma-3-4b-pt,kuliner,23,22,0.647,15.349,15.998,0.704,18.429,0.601,0.706,50.0
gemma,google/gemma-3-4b-pt,kuliner,24,23,0.676,15.491,16.261,0.609,18.19,0.573,0.708,50.0
gemma,google/gemma-3-4b-pt,kuliner,25,24,0.706,15.86,16.238,0.417,20.241,0.58,0.678,50.0
gemma,google/gemma-3-4b-pt,kuliner,26,25,0.735,15.78,16.331,0.671,21.778,0.561,0.693,150.0
gemma,google/gemma-3-4b-pt,kuliner,27,26,0.765,16.006,16.408,0.577,22.082,0.556,0.69,150.0
gemma,google/gemma-3-4b-pt,kuliner,28,27,0.794,16.118,16.506,0.653,21.8,0.539,0.688,150.0
gemma,google/gemma-3-4b-pt,kuliner,29,28,0.824,16.041,16.395,0.634,21.514,0.553,0.692,150.0
gemma,google/gemma-3-4b-pt,kuliner,30,29,0.853,16.005,16.386,0.704,21.332,0.543,0.699,150.0
gemma,google/gemma-3-4b-pt,kuliner,31,30,0.882,15.97,16.399,0.652,21.021,0.538,0.699,150.0
gemma,google/gemma-3-4b-pt,kuliner,32,31,0.912,15.901,16.28,0.632,20.598,0.543,0.7,150.0
gemma,google/gemma-3-4b-pt,kuliner,33,32,0.941,15.678,16.053,0.617,19.797,0.572,0.729,150.0
gemma,google/gemma-3-4b-pt,kuliner,34,33,0.971,15.347,15.754,0.594,18.878,0.585,0.799,150.0
gemma,google/gemma-3-4b-pt,kuliner,35,34,1.0,15.208,15.598,0.626,17.775,0.605,0.844,150.0
kanana,kakaocorp/kanana-nano-2.1b-base,kuliner,1,0,0.0,17.838,18.679,0.93,19.002,0.474,0.783,500.0
kanana,kakaocorp/kanana-nano-2.1b-base,kuliner,2,1,0.031,17.702,18.567,1.002,19.382,0.473,0.778,150.0
kanana,kakaocorp/kanana-nano-2.1b-base,kuliner,3,2,0.062,17.042,18.153,0.992,18.811,0.501,0.75,150.0
kanana,kakaocorp/kanana-nano-2.1b-base,kuliner,4,3,0.094,16.295,17.241,0.915,18.816,0.482,0.773,150.0
kanana,kakaocorp/kanana-nano-2.1b-base,kuliner,5,4,0.125,16.339,17.095,0.717,18.944,0.544,0.746,500.0
kanana,kakaocorp/kanana-nano-2.1b-base,kuliner,6,5,0.156,15.892,16.77,0.839,19.419,0.54,0.742,500.0
kanana,kakaocorp/kanana-nano-2.1b-base,kuliner,7,6,0.188,15.017,15.989,0.814,17.823,0.569,0.799,150.0
kanana,kakaocorp/kanana-nano-2.1b-base,kuliner,8,7,0.219,14.95,15.843,0.874,17.794,0.573,0.808,150.0
kanana,kakaocorp/kanana-nano-2.1b-base,kuliner,9,8,0.25,15.244,16.02,0.76,18.182,0.561,0.8,150.0
kanana,kakaocorp/kanana-nano-2.1b-base,kuliner,10,9,0.281,15.462,16.201,0.619,18.768,0.567,0.809,150.0
kanana,kakaocorp/kanana-nano-2.1b-base,kuliner,11,10,0.312,15.923,16.587,0.663,20.558,0.528,0.789,150.0
kanana,kakaocorp/kanana-nano-2.1b-base,kuliner,12,11,0.344,15.601,16.386,0.822,19.653,0.518,0.73,150.0
kanana,kakaocorp/kanana-nano-2.1b-base,kuliner,13,12,0.375,15.318,16.178,0.972,19.713,0.548,0.704,150.0
kanana,kakaocorp/kanana-nano-2.1b-base,kuliner,14,13,0.406,15.873,16.582,0.737,20.591,0.525,0.666,150.0
kanana,kakaocorp/kanana-nano-2.1b-base,kuliner,15,14,0.438,16.072,16.826,0.77,21.033,0.518,0.648,150.0
kanana,kakaocorp/kanana-nano-2.1b-base,kuliner,16,15,0.469,16.334,16.896,0.843,21.542,0.533,0.634,150.0
kanana,kakaocorp/kanana-nano-2.1b-base,kuliner,17,16,0.5,16.754,17.121,0.743,22.073,0.53,0.63,150.0
kanana,kakaocorp/kanana-nano-2.1b-base,kuliner,18,17,0.531,17.032,17.231,0.781,22.418,0.528,0.635,150.0
kanana,kakaocorp/kanana-nano-2.1b-base,kuliner,19,18,0.562,16.892,16.945,0.451,22.439,0.58,0.682,150.0
kanana,kakaocorp/kanana-nano-2.1b-base,kuliner,20,19,0.594,16.341,16.8,0.674,21.383,0.586,0.735,150.0
kanana,kakaocorp/kanana-nano-2.1b-base,kuliner,21,20,0.625,16.405,16.95,0.753,20.799,0.579,0.674,150.0
kanana,kakaocorp/kanana-nano-2.1b-base,kuliner,22,21,0.656,16.773,17.044,0.69,21.717,0.542,0.712,150.0
kanana,kakaocorp/kanana-nano-2.1b-base,kuliner,23,22,0.688,17.467,17.721,0.526,22.161,0.492,0.667,150.0
kanana,kakaocorp/kanana-nano-2.1b-base,kuliner,24,23,0.719,16.701,17.323,0.855,20.885,0.496,0.751,150.0
kanana,kakaocorp/kanana-nano-2.1b-base,kuliner,25,24,0.75,16.7,17.351,0.821,20.218,0.528,0.754,150.0
kanana,kakaocorp/kanana-nano-2.1b-base,kuliner,26,25,0.781,17.608,17.893,0.551,23.476,0.443,0.743,150.0
kanana,kakaocorp/kanana-nano-2.1b-base,kuliner,27,26,0.812,17.349,17.808,0.539,23.636,0.456,0.739,500.0
kanana,kakaocorp/kanana-nano-2.1b-base,kuliner,28,27,0.844,17.387,17.865,0.569,23.802,0.432,0.774,500.0
kanana,kakaocorp/kanana-nano-2.1b-base,kuliner,29,28,0.875,17.451,17.803,0.45,23.885,0.427,0.778,500.0
kanana,kakaocorp/kanana-nano-2.1b-base,kuliner,30,29,0.906,17.417,17.757,0.505,22.122,0.439,0.778,500.0
kanana,kakaocorp/kanana-nano-2.1b-base,kuliner,31,30,0.938,17.596,18.059,0.496,22.649,0.422,0.775,500.0
kanana,kakaocorp/kanana-nano-2.1b-base,kuliner,32,31,0.969,17.417,17.84,0.458,22.58,0.448,0.778,150.0
kanana,kakaocorp/kanana-nano-2.1b-base,kuliner,33,32,1.0,17.133,17.761,0.644,21.066,0.459,0.792,150.0
llama,meta-llama/Llama-3.2-3B,kuliner,1,0,0.0,18.337,18.323,0.348,21.689,0.459,0.762,150.0
llama,meta-llama/Llama-3.2-3B,kuliner,2,1,0.036,17.704,17.282,0.479,23.168,0.49,0.793,50.0
llama,meta-llama/Llama-3.2-3B,kuliner,3,2,0.071,17.218,16.716,0.489,22.424,0.532,0.795,150.0
llama,meta-llama/Llama-3.2-3B,kuliner,4,3,0.107,16.995,16.296,0.719,22.702,0.509,0.773,50.0
llama,meta-llama/Llama-3.2-3B,kuliner,5,4,0.143,15.314,15.169,0.479,19.81,0.557,0.821,50.0
llama,meta-llama/Llama-3.2-3B,kuliner,6,5,0.179,14.58,14.91,0.724,18.5,0.599,0.801,50.0
llama,meta-llama/Llama-3.2-3B,kuliner,7,6,0.214,15.234,15.664,0.601,19.319,0.542,0.791,50.0
llama,meta-llama/Llama-3.2-3B,kuliner,8,7,0.25,14.884,15.646,0.718,18.971,0.576,0.722,50.0
llama,meta-llama/Llama-3.2-3B,kuliner,9,8,0.286,14.993,15.8,0.781,19.543,0.543,0.709,50.0
llama,meta-llama/Llama-3.2-3B,kuliner,10,9,0.321,15.552,15.869,0.685,20.901,0.542,0.753,50.0
llama,meta-llama/Llama-3.2-3B,kuliner,11,10,0.357,15.589,15.708,0.753,19.891,0.559,0.755,50.0
llama,meta-llama/Llama-3.2-3B,kuliner,12,11,0.393,15.822,16.114,0.631,20.221,0.53,0.714,50.0
llama,meta-llama/Llama-3.2-3B,kuliner,13,12,0.429,15.954,16.351,0.436,20.596,0.504,0.744,50.0
llama,meta-llama/Llama-3.2-3B,kuliner,14,13,0.464,15.852,16.19,0.772,20.304,0.549,0.795,50.0
llama,meta-llama/Llama-3.2-3B,kuliner,15,14,0.5,15.812,16.422,0.912,20.478,0.536,0.757,50.0
llama,meta-llama/Llama-3.2-3B,kuliner,16,15,0.536,16.587,16.921,0.87,21.761,0.509,0.681,50.0
llama,meta-llama/Llama-3.2-3B,kuliner,17,16,0.571,16.494,16.896,0.508,22.099,0.502,0.673,150.0
llama,meta-llama/Llama-3.2-3B,kuliner,18,17,0.607,16.039,16.587,0.555,21.198,0.521,0.687,50.0
llama,meta-llama/Llama-3.2-3B,kuliner,19,18,0.643,15.473,16.273,0.752,20.462,0.544,0.688,50.0
llama,meta-llama/Llama-3.2-3B,kuliner,20,19,0.679,16.127,16.622,0.657,21.117,0.523,0.684,50.0
llama,meta-llama/Llama-3.2-3B,kuliner,21,20,0.714,15.602,16.189,0.762,19.955,0.545,0.747,50.0
llama,meta-llama/Llama-3.2-3B,kuliner,22,21,0.75,15.092,15.774,0.72,19.213,0.56,0.768,50.0
llama,meta-llama/Llama-3.2-3B,kuliner,23,22,0.786,15.105,15.766,0.546,19.545,0.544,0.731,50.0
llama,meta-llama/Llama-3.2-3B,kuliner,24,23,0.821,15.091,15.623,0.625,19.719,0.575,0.76,50.0
llama,meta-llama/Llama-3.2-3B,kuliner,25,24,0.857,15.092,15.669,0.619,19.85,0.57,0.759,50.0
llama,meta-llama/Llama-3.2-3B,kuliner,26,25,0.893,15.154,15.632,0.613,19.529,0.578,0.748,50.0
llama,meta-llama/Llama-3.2-3B,kuliner,27,26,0.929,15.157,15.898,0.709,19.654,0.562,0.75,50.0
llama,meta-llama/Llama-3.2-3B,kuliner,28,27,0.964,15.039,15.886,0.81,18.848,0.56,0.764,50.0
llama,meta-llama/Llama-3.2-3B,kuliner,29,28,1.0,15.059,15.883,0.873,17.032,0.598,0.806,10.0
mistral,mistralai/Ministral-3-3B-Base-2512,kuliner,1,0,0.0,18.359,18.743,0.708,21.854,0.439,0.779,500.0
mistral,mistralai/Ministral-3-3B-Base-2512,kuliner,2,1,0.038,16.402,17.393,1.143,19.858,0.556,0.782,150.0
mistral,mistralai/Ministral-3-3B-Base-2512,kuliner,3,2,0.077,15.656,16.206,1.027,19.273,0.585,0.806,150.0
mistral,mistralai/Ministral-3-3B-Base-2512,kuliner,4,3,0.115,15.498,16.147,0.856,18.679,0.573,0.803,150.0
mistral,mistralai/Ministral-3-3B-Base-2512,kuliner,5,4,0.154,14.968,15.926,0.853,18.631,0.566,0.808,150.0
mistral,mistralai/Ministral-3-3B-Base-2512,kuliner,6,5,0.192,14.81,16.201,1.003,18.645,0.582,0.81,150.0
mistral,mistralai/Ministral-3-3B-Base-2512,kuliner,7,6,0.231,14.757,15.908,0.859,17.989,0.63,0.809,150.0
mistral,mistralai/Ministral-3-3B-Base-2512,kuliner,8,7,0.269,14.528,15.839,0.956,17.728,0.603,0.773,150.0
mistral,mistralai/Ministral-3-3B-Base-2512,kuliner,9,8,0.308,14.701,15.679,0.755,18.84,0.59,0.788,500.0
mistral,mistralai/Ministral-3-3B-Base-2512,kuliner,10,9,0.346,14.974,15.835,0.881,19.37,0.558,0.762,150.0
mistral,mistralai/Ministral-3-3B-Base-2512,kuliner,11,10,0.385,14.552,15.457,0.805,17.398,0.609,0.74,150.0
mistral,mistralai/Ministral-3-3B-Base-2512,kuliner,12,11,0.423,14.707,15.62,0.88,17.811,0.596,0.721,150.0
mistral,mistralai/Ministral-3-3B-Base-2512,kuliner,13,12,0.462,14.738,15.773,0.742,18.256,0.617,0.7,150.0
mistral,mistralai/Ministral-3-3B-Base-2512,kuliner,14,13,0.5,14.656,15.744,0.731,18.568,0.613,0.7,150.0
mistral,mistralai/Ministral-3-3B-Base-2512,kuliner,15,14,0.538,14.652,15.639,0.706,18.467,0.617,0.701,150.0
mistral,mistralai/Ministral-3-3B-Base-2512,kuliner,16,15,0.577,14.788,15.83,0.736,18.693,0.607,0.694,150.0
mistral,mistralai/Ministral-3-3B-Base-2512,kuliner,17,16,0.615,14.985,15.822,0.721,18.464,0.616,0.692,150.0
mistral,mistralai/Ministral-3-3B-Base-2512,kuliner,18,17,0.654,14.83,15.731,0.959,18.317,0.61,0.687,150.0
mistral,mistralai/Ministral-3-3B-Base-2512,kuliner,19,18,0.692,15.42,16.453,0.893,18.627,0.555,0.738,150.0
mistral,mistralai/Ministral-3-3B-Base-2512,kuliner,20,19,0.731,15.469,16.197,0.826,18.466,0.56,0.808,150.0
mistral,mistralai/Ministral-3-3B-Base-2512,kuliner,21,20,0.769,15.012,15.941,0.885,18.298,0.574,0.82,150.0
mistral,mistralai/Ministral-3-3B-Base-2512,kuliner,22,21,0.808,15.175,16.292,0.872,18.275,0.551,0.808,150.0
mistral,mistralai/Ministral-3-3B-Base-2512,kuliner,23,22,0.846,15.101,16.163,0.961,17.955,0.563,0.818,150.0
mistral,mistralai/Ministral-3-3B-Base-2512,kuliner,24,23,0.885,15.113,16.14,0.923,18.202,0.568,0.816,150.0
mistral,mistralai/Ministral-3-3B-Base-2512,kuliner,25,24,0.923,15.067,16.163,0.925,18.436,0.557,0.819,150.0
mistral,mistralai/Ministral-3-3B-Base-2512,kuliner,26,25,0.962,15.226,16.125,0.764,18.771,0.564,0.834,150.0
mistral,mistralai/Ministral-3-3B-Base-2512,kuliner,27,26,1.0,15.186,16.188,0.773,19.047,0.562,0.834,150.0
qwen,Qwen/Qwen2.5-3B,kuliner,1,0,0.0,17.955,18.576,1.022,18.64,0.514,0.785,500.0
qwen,Qwen/Qwen2.5-3B,kuliner,2,1,0.028,16.921,17.966,1.115,19.848,0.463,0.773,150.0
qwen,Qwen/Qwen2.5-3B,kuliner,3,2,0.056,16.135,17.531,1.174,18.777,0.473,0.778,150.0
qwen,Qwen/Qwen2.5-3B,kuliner,4,3,0.083,16.259,17.701,1.169,18.752,0.466,0.777,150.0
qwen,Qwen/Qwen2.5-3B,kuliner,5,4,0.111,16.661,17.726,0.995,19.305,0.474,0.746,150.0
qwen,Qwen/Qwen2.5-3B,kuliner,6,5,0.139,17.309,18.189,0.914,22.102,0.452,0.655,150.0
qwen,Qwen/Qwen2.5-3B,kuliner,7,6,0.167,16.316,17.129,0.949,21.226,0.526,0.705,150.0
qwen,Qwen/Qwen2.5-3B,kuliner,8,7,0.194,16.416,16.982,0.755,20.661,0.531,0.661,500.0
qwen,Qwen/Qwen2.5-3B,kuliner,9,8,0.222,15.012,15.956,1.063,18.579,0.589,0.68,150.0
qwen,Qwen/Qwen2.5-3B,kuliner,10,9,0.25,15.347,16.277,1.048,19.191,0.576,0.669,150.0
qwen,Qwen/Qwen2.5-3B,kuliner,11,10,0.278,15.319,16.007,0.995,19.319,0.582,0.693,150.0
qwen,Qwen/Qwen2.5-3B,kuliner,12,11,0.306,15.555,16.049,0.918,18.239,0.604,0.693,150.0
qwen,Qwen/Qwen2.5-3B,kuliner,13,12,0.333,15.234,15.794,0.683,18.678,0.599,0.764,150.0
qwen,Qwen/Qwen2.5-3B,kuliner,14,13,0.361,14.595,15.717,0.984,16.459,0.597,0.807,150.0
qwen,Qwen/Qwen2.5-3B,kuliner,15,14,0.389,15.254,15.926,0.989,17.312,0.572,0.733,150.0
qwen,Qwen/Qwen2.5-3B,kuliner,16,15,0.417,15.218,15.98,1.043,17.17,0.57,0.799,150.0
qwen,Qwen/Qwen2.5-3B,kuliner,17,16,0.444,15.451,16.4,1.102,17.156,0.562,0.794,150.0
qwen,Qwen/Qwen2.5-3B,kuliner,18,17,0.472,15.658,16.649,1.178,17.417,0.554,0.758,150.0
qwen,Qwen/Qwen2.5-3B,kuliner,19,18,0.5,16.091,16.887,1.138,18.915,0.54,0.748,500.0
qwen,Qwen/Qwen2.5-3B,kuliner,20,19,0.528,15.927,16.959,1.107,18.154,0.529,0.751,150.0
qwen,Qwen/Qwen2.5-3B,kuliner,21,20,0.556,15.804,16.879,1.159,17.893,0.533,0.756,150.0
qwen,Qwen/Qwen2.5-3B,kuliner,22,21,0.583,15.708,16.758,1.204,17.704,0.535,0.759,150.0
qwen,Qwen/Qwen2.5-3B,kuliner,23,22,0.611,15.869,16.903,1.194,17.761,0.53,0.723,150.0
qwen,Qwen/Qwen2.5-3B,kuliner,24,23,0.639,16.144,17.105,1.147,18.809,0.513,0.726,150.0
qwen,Qwen/Qwen2.5-3B,kuliner,25,24,0.667,15.916,17.096,1.174,17.604,0.524,0.73,150.0
qwen,Qwen/Qwen2.5-3B,kuliner,26,25,0.694,15.798,16.942,1.35,16.879,0.56,0.791,150.0
qwen,Qwen/Qwen2.5-3B,kuliner,27,26,0.722,15.892,17.032,1.388,16.988,0.553,0.787,150.0
qwen,Qwen/Qwen2.5-3B,kuliner,28,27,0.75,15.966,17.153,1.292,17.217,0.528,0.701,150.0
qwen,Qwen/Qwen2.5-3B,kuliner,29,28,0.778,15.774,16.804,1.19,16.72,0.537,0.791,150.0
qwen,Qwen/Qwen2.5-3B,kuliner,30,29,0.806,15.381,16.53,1.19,16.517,0.539,0.8,150.0
qwen,Qwen/Qwen2.5-3B,kuliner,31,30,0.833,15.741,16.767,1.145,16.828,0.54,0.79,150.0
qwen,Qwen/Qwen2.5-3B,kuliner,32,31,0.861,15.888,16.722,1.076,17.258,0.553,0.787,150.0
qwen,Qwen/Qwen2.5-3B,kuliner,33,32,0.889,16.526,17.279,0.941,18.926,0.545,0.76,150.0
qwen,Qwen/Qwen2.5-3B,kuliner,34,33,0.917,16.736,17.546,0.935,19.388,0.545,0.766,150.0
qwen,Qwen/Qwen2.5-3B,kuliner,35,34,0.944,16.949,17.666,0.966,19.738,0.524,0.772,150.0
qwen,Qwen/Qwen2.5-3B,kuliner,36,35,0.972,16.923,17.766,1.126,19.407,0.544,0.77,50.0
qwen,Qwen/Qwen2.5-3B,kuliner,37,36,1.0,17.255,17.704,0.965,18.837,0.536,0.805,50.0
sarvam,sarvamai/sarvam-1,kuliner,1,0,0.0,21.108,21.073,0.615,21.516,0.275,0.763,50.0
sarvam,sarvamai/sarvam-1,kuliner,2,1,0.036,19.997,19.837,0.603,21.09,0.308,0.709,10.0
sarvam,sarvamai/sarvam-1,kuliner,3,2,0.071,19.678,19.269,0.68,22.92,0.394,0.741,10.0
sarvam,sarvamai/sarvam-1,kuliner,4,3,0.107,19.567,19.25,0.549,22.983,0.42,0.733,10.0
sarvam,sarvamai/sarvam-1,kuliner,5,4,0.143,20.078,19.568,0.653,22.959,0.416,0.719,10.0
sarvam,sarvamai/sarvam-1,kuliner,6,5,0.179,19.617,19.021,0.67,22.86,0.421,0.732,10.0
sarvam,sarvamai/sarvam-1,kuliner,7,6,0.214,19.121,19.0,0.58,23.263,0.425,0.73,10.0
sarvam,sarvamai/sarvam-1,kuliner,8,7,0.25,18.884,18.539,0.697,22.206,0.462,0.748,10.0
sarvam,sarvamai/sarvam-1,kuliner,9,8,0.286,18.822,18.645,0.653,22.565,0.434,0.745,10.0
sarvam,sarvamai/sarvam-1,kuliner,10,9,0.321,17.785,17.926,0.394,20.848,0.448,0.771,50.0
sarvam,sarvamai/sarvam-1,kuliner,11,10,0.357,16.568,17.029,0.564,19.2,0.481,0.791,50.0
sarvam,sarvamai/sarvam-1,kuliner,12,11,0.393,15.888,16.639,0.66,18.386,0.493,0.804,50.0
sarvam,sarvamai/sarvam-1,kuliner,13,12,0.429,16.348,16.659,0.443,18.96,0.483,0.775,50.0
sarvam,sarvamai/sarvam-1,kuliner,14,13,0.464,15.228,16.008,0.654,18.275,0.514,0.72,50.0
sarvam,sarvamai/sarvam-1,kuliner,15,14,0.5,15.132,16.207,0.737,18.573,0.493,0.718,50.0
sarvam,sarvamai/sarvam-1,kuliner,16,15,0.536,15.24,16.744,0.998,19.037,0.494,0.674,50.0
sarvam,sarvamai/sarvam-1,kuliner,17,16,0.571,15.304,16.888,0.942,19.253,0.5,0.658,50.0
sarvam,sarvamai/sarvam-1,kuliner,18,17,0.607,15.792,17.3,0.924,19.936,0.497,0.639,50.0
sarvam,sarvamai/sarvam-1,kuliner,19,18,0.643,16.212,17.408,0.736,20.72,0.53,0.653,50.0
sarvam,sarvamai/sarvam-1,kuliner,20,19,0.679,16.724,17.839,0.686,21.464,0.492,0.648,50.0
sarvam,sarvamai/sarvam-1,kuliner,21,20,0.714,16.785,17.681,0.516,21.581,0.47,0.654,50.0
sarvam,sarvamai/sarvam-1,kuliner,22,21,0.75,17.326,17.777,0.334,23.202,0.48,0.642,50.0
sarvam,sarvamai/sarvam-1,kuliner,23,22,0.786,17.268,17.79,0.352,22.737,0.473,0.661,50.0
sarvam,sarvamai/sarvam-1,kuliner,24,23,0.821,16.533,17.161,0.466,22.002,0.49,0.672,50.0
sarvam,sarvamai/sarvam-1,kuliner,25,24,0.857,16.957,17.335,0.554,23.406,0.467,0.673,10.0
sarvam,sarvamai/sarvam-1,kuliner,26,25,0.893,16.744,17.263,0.635,23.584,0.451,0.696,10.0
sarvam,sarvamai/sarvam-1,kuliner,27,26,0.929,15.725,16.549,0.687,21.227,0.551,0.675,10.0
sarvam,sarvamai/sarvam-1,kuliner,28,27,0.964,15.114,16.143,0.708,18.722,0.528,0.693,10.0
sarvam,sarvamai/sarvam-1,kuliner,29,28,1.0,16.231,16.904,0.461,19.767,0.457,0.707,10.0
croissantLLM,croissantllm/CroissantLLMBase,musik,1,0,0.0,33.191,32.154,1.382,29.196,0.185,0.4,500.0
croissantLLM,croissantllm/CroissantLLMBase,musik,2,1,0.042,30.719,30.82,1.058,26.737,0.228,0.452,150.0
croissantLLM,croissantllm/CroissantLLMBase,musik,3,2,0.083,30.264,30.454,1.074,27.365,0.215,0.468,150.0
croissantLLM,croissantllm/CroissantLLMBase,musik,4,3,0.125,29.363,29.117,0.721,28.173,0.183,0.545,50.0
croissantLLM,croissantllm/CroissantLLMBase,musik,5,4,0.167,30.012,29.432,0.725,28.36,0.173,0.538,150.0
croissantLLM,croissantllm/CroissantLLMBase,musik,6,5,0.208,29.116,28.876,0.671,27.735,0.19,0.528,150.0
croissantLLM,croissantllm/CroissantLLMBase,musik,7,6,0.25,29.559,28.98,0.803,28.052,0.207,0.513,150.0
croissantLLM,croissantllm/CroissantLLMBase,musik,8,7,0.292,28.211,27.38,0.956,27.579,0.302,0.56,150.0
croissantLLM,croissantllm/CroissantLLMBase,musik,9,8,0.333,27.836,27.084,1.062,26.483,0.315,0.589,150.0
croissantLLM,croissantllm/CroissantLLMBase,musik,10,9,0.375,26.159,25.77,0.721,25.951,0.302,0.657,150.0
croissantLLM,croissantllm/CroissantLLMBase,musik,11,10,0.417,25.482,25.813,0.6,25.486,0.386,0.616,150.0
croissantLLM,croissantllm/CroissantLLMBase,musik,12,11,0.458,24.646,24.432,0.957,24.993,0.44,0.668,150.0
croissantLLM,croissantllm/CroissantLLMBase,musik,13,12,0.5,23.564,22.992,0.902,23.265,0.472,0.715,150.0
croissantLLM,croissantllm/CroissantLLMBase,musik,14,13,0.542,22.35,21.552,0.865,23.216,0.538,0.735,150.0
croissantLLM,croissantllm/CroissantLLMBase,musik,15,14,0.583,22.245,21.326,0.913,23.075,0.53,0.74,150.0
croissantLLM,croissantllm/CroissantLLMBase,musik,16,15,0.625,22.337,21.695,0.909,23.534,0.466,0.721,150.0
croissantLLM,croissantllm/CroissantLLMBase,musik,17,16,0.667,22.241,21.382,0.875,23.587,0.5,0.724,150.0
croissantLLM,croissantllm/CroissantLLMBase,musik,18,17,0.708,22.824,21.495,0.993,24.378,0.452,0.722,150.0
croissantLLM,croissantllm/CroissantLLMBase,musik,19,18,0.75,23.037,21.749,0.834,24.902,0.446,0.702,150.0
croissantLLM,croissantllm/CroissantLLMBase,musik,20,19,0.792,22.424,21.357,0.791,24.343,0.488,0.714,500.0
croissantLLM,croissantllm/CroissantLLMBase,musik,21,20,0.833,22.052,21.129,0.695,23.875,0.513,0.723,150.0
croissantLLM,croissantllm/CroissantLLMBase,musik,22,21,0.875,21.285,20.692,0.584,23.837,0.543,0.731,150.0
croissantLLM,croissantllm/CroissantLLMBase,musik,23,22,0.917,21.476,21.001,0.54,23.595,0.521,0.722,150.0
croissantLLM,croissantllm/CroissantLLMBase,musik,24,23,0.958,21.798,21.342,0.414,23.996,0.523,0.717,150.0
croissantLLM,croissantllm/CroissantLLMBase,musik,25,24,1.0,22.687,22.039,0.642,24.705,0.521,0.685,50.0
gemma,google/gemma-3-4b-pt,musik,1,0,0.0,32.593,30.863,0.977,31.716,0.119,0.465,500.0
gemma,google/gemma-3-4b-pt,musik,2,1,0.029,41.342,40.342,1.451,32.079,-0.06,-0.031,500.0
gemma,google/gemma-3-4b-pt,musik,3,2,0.059,39.604,39.092,1.506,33.12,0.038,0.055,500.0
gemma,google/gemma-3-4b-pt,musik,4,3,0.088,40.107,40.161,1.65,32.025,-0.125,-0.141,500.0
gemma,google/gemma-3-4b-pt,musik,5,4,0.118,39.99,39.049,1.155,32.205,-0.103,0.041,500.0
gemma,google/gemma-3-4b-pt,musik,6,5,0.147,32.772,32.048,0.822,26.787,0.174,0.174,500.0
gemma,google/gemma-3-4b-pt,musik,7,6,0.176,29.133,28.404,0.987,25.095,0.232,0.361,500.0
gemma,google/gemma-3-4b-pt,musik,8,7,0.206,28.511,27.95,0.914,25.718,0.259,0.452,500.0
gemma,google/gemma-3-4b-pt,musik,9,8,0.235,27.911,26.996,1.019,24.816,0.316,0.502,500.0
gemma,google/gemma-3-4b-pt,musik,10,9,0.265,27.181,27.028,1.2,23.764,0.347,0.589,500.0
gemma,google/gemma-3-4b-pt,musik,11,10,0.294,26.234,25.321,0.967,23.679,0.428,0.616,500.0
gemma,google/gemma-3-4b-pt,musik,12,11,0.324,26.452,25.848,1.025,23.945,0.44,0.627,500.0
gemma,google/gemma-3-4b-pt,musik,13,12,0.353,26.111,25.283,0.875,23.164,0.434,0.647,500.0
gemma,google/gemma-3-4b-pt,musik,14,13,0.382,26.45,25.435,0.944,23.701,0.428,0.643,500.0
gemma,google/gemma-3-4b-pt,musik,15,14,0.412,26.74,25.747,0.927,23.606,0.385,0.647,500.0
gemma,google/gemma-3-4b-pt,musik,16,15,0.441,26.378,24.841,1.16,23.637,0.42,0.635,150.0
gemma,google/gemma-3-4b-pt,musik,17,16,0.471,25.116,23.659,1.049,22.263,0.463,0.616,150.0
gemma,google/gemma-3-4b-pt,musik,18,17,0.5,24.694,23.32,0.982,22.445,0.458,0.695,150.0
gemma,google/gemma-3-4b-pt,musik,19,18,0.529,23.032,21.992,0.746,21.08,0.516,0.633,150.0
gemma,google/gemma-3-4b-pt,musik,20,19,0.559,22.28,21.578,0.578,20.996,0.53,0.721,150.0
gemma,google/gemma-3-4b-pt,musik,21,20,0.588,21.582,21.121,0.49,20.195,0.553,0.634,150.0
gemma,google/gemma-3-4b-pt,musik,22,21,0.618,21.163,20.909,0.455,20.498,0.581,0.646,150.0
gemma,google/gemma-3-4b-pt,musik,23,22,0.647,21.667,20.963,0.627,21.147,0.583,0.729,150.0
gemma,google/gemma-3-4b-pt,musik,24,23,0.676,21.366,20.943,0.55,22.466,0.6,0.705,150.0
gemma,google/gemma-3-4b-pt,musik,25,24,0.706,20.88,20.512,0.468,22.027,0.568,0.694,150.0
gemma,google/gemma-3-4b-pt,musik,26,25,0.735,20.904,20.262,0.645,22.217,0.585,0.664,500.0
gemma,google/gemma-3-4b-pt,musik,27,26,0.765,20.634,19.844,0.615,22.12,0.614,0.729,500.0
gemma,google/gemma-3-4b-pt,musik,28,27,0.794,20.158,19.821,0.614,22.233,0.624,0.697,500.0
gemma,google/gemma-3-4b-pt,musik,29,28,0.824,20.279,19.735,0.698,22.194,0.632,0.71,500.0
gemma,google/gemma-3-4b-pt,musik,30,29,0.853,20.366,19.808,0.688,23.073,0.647,0.696,150.0
gemma,google/gemma-3-4b-pt,musik,31,30,0.882,20.302,19.758,0.703,22.825,0.661,0.719,150.0
gemma,google/gemma-3-4b-pt,musik,32,31,0.912,19.887,19.688,0.589,21.656,0.655,0.728,150.0
gemma,google/gemma-3-4b-pt,musik,33,32,0.941,20.057,19.805,0.597,21.842,0.659,0.73,150.0
gemma,google/gemma-3-4b-pt,musik,34,33,0.971,20.001,19.912,0.77,22.208,0.653,0.737,150.0
gemma,google/gemma-3-4b-pt,musik,35,34,1.0,20.373,20.191,0.794,22.645,0.641,0.726,150.0
kanana,kakaocorp/kanana-nano-2.1b-base,musik,1,0,0.0,28.448,28.325,0.683,25.568,0.34,0.582,500.0
kanana,kakaocorp/kanana-nano-2.1b-base,musik,2,1,0.031,28.963,28.314,0.737,26.615,0.347,0.574,500.0
kanana,kakaocorp/kanana-nano-2.1b-base,musik,3,2,0.062,27.869,27.843,0.708,25.219,0.325,0.558,500.0
kanana,kakaocorp/kanana-nano-2.1b-base,musik,4,3,0.094,26.219,26.017,0.476,24.999,0.377,0.639,500.0
kanana,kakaocorp/kanana-nano-2.1b-base,musik,5,4,0.125,25.392,24.974,0.559,24.093,0.42,0.662,150.0
kanana,kakaocorp/kanana-nano-2.1b-base,musik,6,5,0.156,24.567,24.459,0.772,24.104,0.447,0.67,150.0
kanana,kakaocorp/kanana-nano-2.1b-base,musik,7,6,0.188,23.18,23.515,0.655,23.426,0.467,0.68,150.0
kanana,kakaocorp/kanana-nano-2.1b-base,musik,8,7,0.219,24.121,24.025,0.563,23.525,0.455,0.67,150.0
kanana,kakaocorp/kanana-nano-2.1b-base,musik,9,8,0.25,24.589,24.264,0.447,24.408,0.507,0.647,500.0
kanana,kakaocorp/kanana-nano-2.1b-base,musik,10,9,0.281,24.322,23.948,0.445,23.92,0.556,0.635,500.0
kanana,kakaocorp/kanana-nano-2.1b-base,musik,11,10,0.312,22.963,22.255,0.46,23.156,0.598,0.66,500.0
kanana,kakaocorp/kanana-nano-2.1b-base,musik,12,11,0.344,23.056,22.658,0.507,23.453,0.55,0.675,500.0
kanana,kakaocorp/kanana-nano-2.1b-base,musik,13,12,0.375,22.895,22.497,0.502,22.19,0.557,0.701,500.0
kanana,kakaocorp/kanana-nano-2.1b-base,musik,14,13,0.406,23.14,22.91,0.33,21.549,0.53,0.709,500.0
kanana,kakaocorp/kanana-nano-2.1b-base,musik,15,14,0.438,22.674,22.435,0.283,21.226,0.536,0.725,500.0
kanana,kakaocorp/kanana-nano-2.1b-base,musik,16,15,0.469,22.512,22.091,0.394,21.54,0.557,0.728,500.0
kanana,kakaocorp/kanana-nano-2.1b-base,musik,17,16,0.5,22.169,21.947,0.39,21.536,0.569,0.723,500.0
kanana,kakaocorp/kanana-nano-2.1b-base,musik,18,17,0.531,22.46,22.217,0.403,21.799,0.562,0.714,500.0
kanana,kakaocorp/kanana-nano-2.1b-base,musik,19,18,0.562,22.441,22.194,0.404,21.782,0.567,0.717,500.0
kanana,kakaocorp/kanana-nano-2.1b-base,musik,20,19,0.594,22.734,22.474,0.379,22.128,0.562,0.709,500.0
kanana,kakaocorp/kanana-nano-2.1b-base,musik,21,20,0.625,22.543,22.331,0.397,22.21,0.561,0.714,500.0
kanana,kakaocorp/kanana-nano-2.1b-base,musik,22,21,0.656,23.288,22.689,0.529,22.763,0.544,0.701,500.0
kanana,kakaocorp/kanana-nano-2.1b-base,musik,23,22,0.688,22.328,22.109,0.433,21.617,0.558,0.688,500.0
kanana,kakaocorp/kanana-nano-2.1b-base,musik,24,23,0.719,22.612,22.316,0.454,21.63,0.564,0.653,500.0
kanana,kakaocorp/kanana-nano-2.1b-base,musik,25,24,0.75,22.379,22.011,0.46,21.846,0.571,0.645,500.0
kanana,kakaocorp/kanana-nano-2.1b-base,musik,26,25,0.781,22.795,22.443,0.453,22.482,0.564,0.67,500.0
kanana,kakaocorp/kanana-nano-2.1b-base,musik,27,26,0.812,22.325,21.939,0.494,21.679,0.554,0.66,500.0
kanana,kakaocorp/kanana-nano-2.1b-base,musik,28,27,0.844,22.141,21.544,0.592,22.082,0.571,0.631,500.0
kanana,kakaocorp/kanana-nano-2.1b-base,musik,29,28,0.875,22.184,21.477,0.642,22.504,0.576,0.647,500.0
kanana,kakaocorp/kanana-nano-2.1b-base,musik,30,29,0.906,22.135,21.498,0.544,22.394,0.581,0.654,500.0
kanana,kakaocorp/kanana-nano-2.1b-base,musik,31,30,0.938,22.229,21.923,0.463,22.549,0.568,0.719,500.0
kanana,kakaocorp/kanana-nano-2.1b-base,musik,32,31,0.969,22.267,21.939,0.334,22.927,0.558,0.678,500.0
kanana,kakaocorp/kanana-nano-2.1b-base,musik,33,32,1.0,22.929,22.294,0.447,24.458,0.544,0.647,500.0
llama,meta-llama/Llama-3.2-3B,musik,1,0,0.0,29.356,28.774,0.893,27.328,0.325,0.545,150.0
llama,meta-llama/Llama-3.2-3B,musik,2,1,0.036,26.979,27.046,0.766,25.669,0.362,0.538,150.0
llama,meta-llama/Llama-3.2-3B,musik,3,2,0.071,23.645,23.923,0.875,24.003,0.427,0.689,50.0
llama,meta-llama/Llama-3.2-3B,musik,4,3,0.107,21.277,21.298,0.562,22.717,0.586,0.717,1.0
llama,meta-llama/Llama-3.2-3B,musik,5,4,0.143,21.276,20.893,0.41,23.295,0.616,0.719,10.0
llama,meta-llama/Llama-3.2-3B,musik,6,5,0.179,21.186,20.969,0.484,23.5,0.612,0.698,50.0
llama,meta-llama/Llama-3.2-3B,musik,7,6,0.214,21.74,21.004,0.662,23.172,0.607,0.706,150.0
llama,meta-llama/Llama-3.2-3B,musik,8,7,0.25,21.27,20.65,0.491,22.72,0.623,0.717,150.0
llama,meta-llama/Llama-3.2-3B,musik,9,8,0.286,21.538,20.954,0.519,23.464,0.623,0.717,150.0
llama,meta-llama/Llama-3.2-3B,musik,10,9,0.321,21.53,20.832,0.525,22.898,0.621,0.715,150.0
llama,meta-llama/Llama-3.2-3B,musik,11,10,0.357,21.813,21.198,0.479,22.867,0.604,0.719,150.0
llama,meta-llama/Llama-3.2-3B,musik,12,11,0.393,22.012,21.657,0.411,23.22,0.597,0.705,150.0
llama,meta-llama/Llama-3.2-3B,musik,13,12,0.429,22.509,22.081,0.364,23.411,0.588,0.694,150.0
llama,meta-llama/Llama-3.2-3B,musik,14,13,0.464,22.538,22.273,0.391,23.222,0.595,0.691,150.0
llama,meta-llama/Llama-3.2-3B,musik,15,14,0.5,22.595,22.094,0.396,23.804,0.608,0.683,150.0
llama,meta-llama/Llama-3.2-3B,musik,16,15,0.536,22.323,21.821,0.581,23.391,0.587,0.694,150.0
llama,meta-llama/Llama-3.2-3B,musik,17,16,0.571,21.166,21.021,0.454,22.295,0.602,0.699,150.0
llama,meta-llama/Llama-3.2-3B,musik,18,17,0.607,21.144,20.823,0.407,22.355,0.609,0.694,150.0
llama,meta-llama/Llama-3.2-3B,musik,19,18,0.643,20.918,20.616,0.428,21.808,0.611,0.725,150.0
llama,meta-llama/Llama-3.2-3B,musik,20,19,0.679,21.025,20.516,0.607,22.66,0.625,0.707,150.0
llama,meta-llama/Llama-3.2-3B,musik,21,20,0.714,21.489,20.613,0.72,22.751,0.616,0.704,150.0
llama,meta-llama/Llama-3.2-3B,musik,22,21,0.75,21.571,20.538,0.81,22.478,0.618,0.714,150.0
llama,meta-llama/Llama-3.2-3B,musik,23,22,0.786,20.884,20.148,0.697,22.583,0.634,0.714,150.0
llama,meta-llama/Llama-3.2-3B,musik,24,23,0.821,20.975,20.114,0.691,22.537,0.636,0.709,150.0
llama,meta-llama/Llama-3.2-3B,musik,25,24,0.857,21.055,20.107,0.712,22.424,0.652,0.707,150.0
llama,meta-llama/Llama-3.2-3B,musik,26,25,0.893,20.685,19.994,0.624,22.566,0.656,0.71,150.0
llama,meta-llama/Llama-3.2-3B,musik,27,26,0.929,20.694,19.948,0.575,22.292,0.658,0.736,150.0
llama,meta-llama/Llama-3.2-3B,musik,28,27,0.964,20.921,20.122,0.522,22.669,0.643,0.734,150.0
llama,meta-llama/Llama-3.2-3B,musik,29,28,1.0,21.484,20.646,0.581,22.989,0.619,0.714,50.0
mistral,mistralai/Ministral-3-3B-Base-2512,musik,1,0,0.0,29.168,27.774,0.841,29.032,0.404,0.55,500.0
mistral,mistralai/Ministral-3-3B-Base-2512,musik,2,1,0.038,26.928,26.601,0.508,26.984,0.418,0.594,500.0
mistral,mistralai/Ministral-3-3B-Base-2512,musik,3,2,0.077,24.016,24.063,0.847,24.42,0.482,0.649,150.0
mistral,mistralai/Ministral-3-3B-Base-2512,musik,4,3,0.115,22.712,22.682,0.905,24.134,0.516,0.674,0.1
mistral,mistralai/Ministral-3-3B-Base-2512,musik,5,4,0.154,23.499,22.632,0.879,24.472,0.578,0.566,150.0
mistral,mistralai/Ministral-3-3B-Base-2512,musik,6,5,0.192,22.974,22.107,0.656,25.166,0.587,0.582,150.0
mistral,mistralai/Ministral-3-3B-Base-2512,musik,7,6,0.231,22.242,21.603,0.528,25.357,0.608,0.602,150.0
mistral,mistralai/Ministral-3-3B-Base-2512,musik,8,7,0.269,20.726,19.799,0.698,23.259,0.641,0.641,150.0
mistral,mistralai/Ministral-3-3B-Base-2512,musik,9,8,0.308,20.803,19.818,0.616,23.411,0.642,0.72,500.0
mistral,mistralai/Ministral-3-3B-Base-2512,musik,10,9,0.346,20.986,20.144,0.713,23.105,0.657,0.715,500.0
mistral,mistralai/Ministral-3-3B-Base-2512,musik,11,10,0.385,21.245,20.482,0.839,23.352,0.657,0.701,150.0
mistral,mistralai/Ministral-3-3B-Base-2512,musik,12,11,0.423,21.736,21.064,0.777,23.641,0.647,0.672,500.0
mistral,mistralai/Ministral-3-3B-Base-2512,musik,13,12,0.462,21.905,21.216,0.63,23.558,0.654,0.683,500.0
mistral,mistralai/Ministral-3-3B-Base-2512,musik,14,13,0.5,22.039,21.384,0.624,23.088,0.653,0.678,500.0
mistral,mistralai/Ministral-3-3B-Base-2512,musik,15,14,0.538,21.957,21.439,0.565,22.985,0.654,0.683,500.0
mistral,mistralai/Ministral-3-3B-Base-2512,musik,16,15,0.577,21.782,21.14,0.623,22.673,0.645,0.698,500.0
mistral,mistralai/Ministral-3-3B-Base-2512,musik,17,16,0.615,22.382,21.576,0.758,22.344,0.639,0.686,500.0
mistral,mistralai/Ministral-3-3B-Base-2512,musik,18,17,0.654,21.505,20.737,0.758,22.063,0.659,0.709,500.0
mistral,mistralai/Ministral-3-3B-Base-2512,musik,19,18,0.692,21.1,20.674,0.644,21.753,0.63,0.725,500.0
mistral,mistralai/Ministral-3-3B-Base-2512,musik,20,19,0.731,20.825,19.864,0.818,22.364,0.646,0.613,500.0
mistral,mistralai/Ministral-3-3B-Base-2512,musik,21,20,0.769,20.649,19.949,0.787,22.138,0.644,0.724,500.0
mistral,mistralai/Ministral-3-3B-Base-2512,musik,22,21,0.808,20.655,20.072,0.757,22.409,0.625,0.714,500.0
mistral,mistralai/Ministral-3-3B-Base-2512,musik,23,22,0.846,20.949,20.202,0.769,23.373,0.646,0.708,500.0
mistral,mistralai/Ministral-3-3B-Base-2512,musik,24,23,0.885,21.031,20.273,0.787,22.737,0.65,0.717,500.0
mistral,mistralai/Ministral-3-3B-Base-2512,musik,25,24,0.923,21.434,20.708,0.668,23.52,0.636,0.711,500.0
mistral,mistralai/Ministral-3-3B-Base-2512,musik,26,25,0.962,22.184,20.962,0.816,24.952,0.612,0.705,500.0
mistral,mistralai/Ministral-3-3B-Base-2512,musik,27,26,1.0,21.324,20.667,0.515,23.416,0.607,0.7,500.0
qwen,Qwen/Qwen2.5-3B,musik,1,0,0.0,28.47,28.707,0.817,27.158,0.327,0.558,500.0
qwen,Qwen/Qwen2.5-3B,musik,2,1,0.028,28.718,28.233,0.985,26.711,0.381,0.556,500.0
qwen,Qwen/Qwen2.5-3B,musik,3,2,0.056,27.374,27.35,0.885,25.045,0.432,0.565,500.0
qwen,Qwen/Qwen2.5-3B,musik,4,3,0.083,26.559,27.009,0.678,24.297,0.433,0.616,500.0
qwen,Qwen/Qwen2.5-3B,musik,5,4,0.111,26.66,26.942,0.821,24.936,0.416,0.595,500.0
qwen,Qwen/Qwen2.5-3B,musik,6,5,0.139,26.364,26.429,0.798,24.422,0.448,0.623,500.0
qwen,Qwen/Qwen2.5-3B,musik,7,6,0.167,24.594,24.727,0.626,23.699,0.48,0.657,500.0
qwen,Qwen/Qwen2.5-3B,musik,8,7,0.194,23.907,23.698,0.694,23.364,0.521,0.676,500.0
qwen,Qwen/Qwen2.5-3B,musik,9,8,0.222,22.674,22.303,0.746,22.422,0.565,0.691,500.0
qwen,Qwen/Qwen2.5-3B,musik,10,9,0.25,22.117,22.127,0.695,22.083,0.584,0.686,500.0
qwen,Qwen/Qwen2.5-3B,musik,11,10,0.278,21.907,21.337,0.586,22.273,0.583,0.693,500.0
qwen,Qwen/Qwen2.5-3B,musik,12,11,0.306,21.91,21.121,0.627,22.176,0.624,0.711,500.0
qwen,Qwen/Qwen2.5-3B,musik,13,12,0.333,21.124,20.582,0.557,21.282,0.613,0.731,500.0
qwen,Qwen/Qwen2.5-3B,musik,14,13,0.361,20.672,20.197,0.498,20.386,0.623,0.754,500.0
qwen,Qwen/Qwen2.5-3B,musik,15,14,0.389,21.223,20.76,0.473,20.483,0.626,0.748,500.0
qwen,Qwen/Qwen2.5-3B,musik,16,15,0.417,21.2,20.764,0.504,20.615,0.613,0.741,500.0
qwen,Qwen/Qwen2.5-3B,musik,17,16,0.444,21.932,21.437,0.544,21.213,0.603,0.731,500.0
qwen,Qwen/Qwen2.5-3B,musik,18,17,0.472,22.274,21.639,0.64,21.656,0.6,0.722,500.0
qwen,Qwen/Qwen2.5-3B,musik,19,18,0.5,22.399,21.779,0.64,21.42,0.587,0.723,500.0
qwen,Qwen/Qwen2.5-3B,musik,20,19,0.528,22.448,21.777,0.695,21.177,0.578,0.731,500.0
qwen,Qwen/Qwen2.5-3B,musik,21,20,0.556,22.599,21.943,0.743,21.344,0.586,0.721,500.0
qwen,Qwen/Qwen2.5-3B,musik,22,21,0.583,22.877,22.054,0.779,21.742,0.575,0.722,500.0
qwen,Qwen/Qwen2.5-3B,musik,23,22,0.611,22.734,21.998,0.774,21.835,0.575,0.723,500.0
qwen,Qwen/Qwen2.5-3B,musik,24,23,0.639,22.362,21.711,0.673,21.448,0.589,0.723,500.0
qwen,Qwen/Qwen2.5-3B,musik,25,24,0.667,22.409,21.714,0.647,21.659,0.583,0.729,500.0
qwen,Qwen/Qwen2.5-3B,musik,26,25,0.694,22.556,21.844,0.613,21.9,0.589,0.73,500.0
qwen,Qwen/Qwen2.5-3B,musik,27,26,0.722,22.755,21.971,0.682,22.187,0.583,0.725,500.0
qwen,Qwen/Qwen2.5-3B,musik,28,27,0.75,22.785,21.931,0.72,22.075,0.565,0.726,500.0
qwen,Qwen/Qwen2.5-3B,musik,29,28,0.778,22.595,21.85,0.715,21.894,0.585,0.73,500.0
qwen,Qwen/Qwen2.5-3B,musik,30,29,0.806,22.221,21.435,0.723,21.937,0.592,0.734,500.0
qwen,Qwen/Qwen2.5-3B,musik,31,30,0.833,22.203,21.238,0.791,21.924,0.615,0.736,500.0
qwen,Qwen/Qwen2.5-3B,musik,32,31,0.861,21.674,20.948,0.707,21.7,0.645,0.734,500.0
qwen,Qwen/Qwen2.5-3B,musik,33,32,0.889,21.772,20.951,0.751,22.218,0.628,0.683,500.0
qwen,Qwen/Qwen2.5-3B,musik,34,33,0.917,21.124,20.304,0.661,22.343,0.632,0.696,500.0
qwen,Qwen/Qwen2.5-3B,musik,35,34,0.944,21.025,20.268,0.728,22.613,0.62,0.701,150.0
qwen,Qwen/Qwen2.5-3B,musik,36,35,0.972,21.322,20.674,0.732,23.062,0.621,0.697,150.0
qwen,Qwen/Qwen2.5-3B,musik,37,36,1.0,21.227,20.864,0.753,22.806,0.603,0.675,150.0
sarvam,sarvamai/sarvam-1,musik,1,0,0.0,32.543,32.445,1.687,29.105,0.14,0.414,150.0
sarvam,sarvamai/sarvam-1,musik,2,1,0.036,31.164,30.825,1.298,28.958,0.157,0.475,50.0
sarvam,sarvamai/sarvam-1,musik,3,2,0.071,30.331,30.043,1.59,27.8,0.132,0.498,10.0
sarvam,sarvamai/sarvam-1,musik,4,3,0.107,29.986,29.685,1.272,27.697,0.158,0.459,10.0
sarvam,sarvamai/sarvam-1,musik,5,4,0.143,29.94,29.422,1.471,27.853,0.143,0.391,10.0
sarvam,sarvamai/sarvam-1,musik,6,5,0.179,29.184,29.016,1.201,27.213,0.207,0.498,10.0
sarvam,sarvamai/sarvam-1,musik,7,6,0.214,28.29,27.805,0.912,24.647,0.224,0.598,10.0
sarvam,sarvamai/sarvam-1,musik,8,7,0.25,28.594,27.839,1.141,26.502,0.264,0.568,50.0
sarvam,sarvamai/sarvam-1,musik,9,8,0.286,28.452,27.499,1.269,26.609,0.25,0.581,50.0
sarvam,sarvamai/sarvam-1,musik,10,9,0.321,26.682,26.396,1.189,25.979,0.307,0.642,10.0
sarvam,sarvamai/sarvam-1,musik,11,10,0.357,25.747,25.215,1.034,26.709,0.4,0.634,10.0
sarvam,sarvamai/sarvam-1,musik,12,11,0.393,24.936,24.631,1.115,24.861,0.402,0.663,50.0
sarvam,sarvamai/sarvam-1,musik,13,12,0.429,23.539,23.714,0.847,24.701,0.511,0.658,10.0
sarvam,sarvamai/sarvam-1,musik,14,13,0.464,23.308,23.26,0.908,24.397,0.554,0.654,50.0
sarvam,sarvamai/sarvam-1,musik,15,14,0.5,23.984,23.271,0.999,25.158,0.534,0.667,10.0
sarvam,sarvamai/sarvam-1,musik,16,15,0.536,23.652,22.967,1.003,23.777,0.525,0.692,50.0
sarvam,sarvamai/sarvam-1,musik,17,16,0.571,23.532,22.878,1.069,24.753,0.507,0.683,50.0
sarvam,sarvamai/sarvam-1,musik,18,17,0.607,24.413,23.44,1.105,25.052,0.47,0.633,10.0
sarvam,sarvamai/sarvam-1,musik,19,18,0.643,24.429,23.577,1.178,24.917,0.483,0.662,50.0
sarvam,sarvamai/sarvam-1,musik,20,19,0.679,24.518,23.516,1.185,25.506,0.484,0.663,50.0
sarvam,sarvamai/sarvam-1,musik,21,20,0.714,23.903,23.188,1.109,24.357,0.498,0.698,50.0
sarvam,sarvamai/sarvam-1,musik,22,21,0.75,23.888,23.313,1.058,24.694,0.485,0.663,50.0
sarvam,sarvamai/sarvam-1,musik,23,22,0.786,24.044,23.343,0.927,24.855,0.478,0.67,50.0
sarvam,sarvamai/sarvam-1,musik,24,23,0.821,23.422,22.888,0.837,24.023,0.47,0.682,50.0
sarvam,sarvamai/sarvam-1,musik,25,24,0.857,23.55,22.6,0.752,24.717,0.508,0.685,50.0
sarvam,sarvamai/sarvam-1,musik,26,25,0.893,23.409,22.425,0.719,24.453,0.537,0.7,50.0
sarvam,sarvamai/sarvam-1,musik,27,26,0.929,23.682,22.505,0.794,25.542,0.543,0.694,50.0
sarvam,sarvamai/sarvam-1,musik,28,27,0.964,24.069,22.737,0.843,25.021,0.529,0.701,50.0
sarvam,sarvamai/sarvam-1,musik,29,28,1.0,25.113,24.051,0.691,24.266,0.452,0.69,50.0
