model,model_id,domain,Layer,Err_2dp,detik_kumulatif
croissantLLM,croissantllm/CroissantLLMBase,kuliner,24,35.5,1259
gemma,google/gemma-3-4b-pt,kuliner,34,34.04,3457
kanana,kakaocorp/kanana-nano-2.1b-base,kuliner,32,39.9,1296
llama,meta-llama/Llama-3.2-3B,kuliner,28,30.08,3590
mistral,mistralai/Ministral-3-3B-Base-2512,kuliner,26,37.81,3667
qwen,Qwen/Qwen2.5-3B,kuliner,36,32.74,2255
sarvam,sarvamai/sarvam-1,kuliner,28,34.13,1520
croissantLLM,croissantllm/CroissantLLMBase,musik,0,45.22,12
croissantLLM,croissantllm/CroissantLLMBase,musik,1,45.84,24
croissantLLM,croissantllm/CroissantLLMBase,musik,2,44.38,35
croissantLLM,croissantllm/CroissantLLMBase,musik,3,45.39,45
croissantLLM,croissantllm/CroissantLLMBase,musik,4,46.05,57
croissantLLM,croissantllm/CroissantLLMBase,musik,5,45.49,70
croissantLLM,croissantllm/CroissantLLMBase,musik,6,46.08,79
croissantLLM,croissantllm/CroissantLLMBase,musik,7,47.66,92
croissantLLM,croissantllm/CroissantLLMBase,musik,8,49.32,104
croissantLLM,croissantllm/CroissantLLMBase,musik,9,50.01,116
croissantLLM,croissantllm/CroissantLLMBase,musik,10,50.44,125
croissantLLM,croissantllm/CroissantLLMBase,musik,11,48.72,137
croissantLLM,croissantllm/CroissantLLMBase,musik,12,47.62,150
croissantLLM,croissantllm/CroissantLLMBase,musik,13,45.94,162
croissantLLM,croissantllm/CroissantLLMBase,musik,14,46.64,171
croissantLLM,croissantllm/CroissantLLMBase,musik,15,45.51,184
croissantLLM,croissantllm/CroissantLLMBase,musik,16,44.39,196
croissantLLM,croissantllm/CroissantLLMBase,musik,17,43.72,207
croissantLLM,croissantllm/CroissantLLMBase,musik,18,42.3,218
croissantLLM,croissantllm/CroissantLLMBase,musik,19,41.84,230
croissantLLM,croissantllm/CroissantLLMBase,musik,20,41.21,242
croissantLLM,croissantllm/CroissantLLMBase,musik,21,41.03,251
croissantLLM,croissantllm/CroissantLLMBase,musik,22,39.49,263
croissantLLM,croissantllm/CroissantLLMBase,musik,23,39.36,275
croissantLLM,croissantllm/CroissantLLMBase,musik,24,36.78,284
gemma,google/gemma-3-4b-pt,musik,0,47.62,9
gemma,google/gemma-3-4b-pt,musik,1,42.23,22
gemma,google/gemma-3-4b-pt,musik,2,40.49,36
gemma,google/gemma-3-4b-pt,musik,3,41.14,49
gemma,google/gemma-3-4b-pt,musik,4,41.34,63
gemma,google/gemma-3-4b-pt,musik,5,38.47,72
gemma,google/gemma-3-4b-pt,musik,6,37.71,86
gemma,google/gemma-3-4b-pt,musik,7,38.07,99
gemma,google/gemma-3-4b-pt,musik,8,37.37,112
gemma,google/gemma-3-4b-pt,musik,9,37.27,124
gemma,google/gemma-3-4b-pt,musik,10,36.58,135
gemma,google/gemma-3-4b-pt,musik,11,35.84,149
gemma,google/gemma-3-4b-pt,musik,12,35.71,162
gemma,google/gemma-3-4b-pt,musik,13,35.47,176
gemma,google/gemma-3-4b-pt,musik,14,35.33,189
gemma,google/gemma-3-4b-pt,musik,15,34.73,199
gemma,google/gemma-3-4b-pt,musik,16,34.26,213
gemma,google/gemma-3-4b-pt,musik,17,34.22,226
gemma,google/gemma-3-4b-pt,musik,18,33.75,240
gemma,google/gemma-3-4b-pt,musik,19,33.86,254
gemma,google/gemma-3-4b-pt,musik,20,33.83,264
gemma,google/gemma-3-4b-pt,musik,21,33.73,277
gemma,google/gemma-3-4b-pt,musik,22,34.53,291
gemma,google/gemma-3-4b-pt,musik,23,34.67,304
gemma,google/gemma-3-4b-pt,musik,24,35.15,318
gemma,google/gemma-3-4b-pt,musik,25,35.86,328
gemma,google/gemma-3-4b-pt,musik,26,35.48,342
gemma,google/gemma-3-4b-pt,musik,27,36.23,356
gemma,google/gemma-3-4b-pt,musik,28,35.97,369
gemma,google/gemma-3-4b-pt,musik,29,35.39,383
gemma,google/gemma-3-4b-pt,musik,30,36.21,394
gemma,google/gemma-3-4b-pt,musik,31,36.73,406
gemma,google/gemma-3-4b-pt,musik,32,36.3,418
gemma,google/gemma-3-4b-pt,musik,33,37.5,431
gemma,google/gemma-3-4b-pt,musik,34,37.4,443
kanana,kakaocorp/kanana-nano-2.1b-base,musik,0,45.16,20
kanana,kakaocorp/kanana-nano-2.1b-base,musik,1,46.9,42
kanana,kakaocorp/kanana-nano-2.1b-base,musik,2,50.89,65
kanana,kakaocorp/kanana-nano-2.1b-base,musik,3,52.98,86
kanana,kakaocorp/kanana-nano-2.1b-base,musik,4,51.98,112
kanana,kakaocorp/kanana-nano-2.1b-base,musik,5,51.64,137
kanana,kakaocorp/kanana-nano-2.1b-base,musik,6,50.08,158
kanana,kakaocorp/kanana-nano-2.1b-base,musik,7,50.63,184
kanana,kakaocorp/kanana-nano-2.1b-base,musik,8,50.59,205
kanana,kakaocorp/kanana-nano-2.1b-base,musik,9,50.9,229
kanana,kakaocorp/kanana-nano-2.1b-base,musik,10,48.67,251
kanana,kakaocorp/kanana-nano-2.1b-base,musik,11,47.5,275
kanana,kakaocorp/kanana-nano-2.1b-base,musik,12,47.7,297
kanana,kakaocorp/kanana-nano-2.1b-base,musik,13,44.69,321
kanana,kakaocorp/kanana-nano-2.1b-base,musik,14,44.28,342
kanana,kakaocorp/kanana-nano-2.1b-base,musik,15,43.88,365
kanana,kakaocorp/kanana-nano-2.1b-base,musik,16,43.13,387
kanana,kakaocorp/kanana-nano-2.1b-base,musik,17,42.9,408
kanana,kakaocorp/kanana-nano-2.1b-base,musik,18,41.99,432
kanana,kakaocorp/kanana-nano-2.1b-base,musik,19,41.73,453
kanana,kakaocorp/kanana-nano-2.1b-base,musik,20,41.17,477
kanana,kakaocorp/kanana-nano-2.1b-base,musik,21,41.01,498
kanana,kakaocorp/kanana-nano-2.1b-base,musik,22,40.41,523
kanana,kakaocorp/kanana-nano-2.1b-base,musik,23,40.75,544
kanana,kakaocorp/kanana-nano-2.1b-base,musik,24,40.21,568
kanana,kakaocorp/kanana-nano-2.1b-base,musik,25,40.37,589
kanana,kakaocorp/kanana-nano-2.1b-base,musik,26,39.88,612
kanana,kakaocorp/kanana-nano-2.1b-base,musik,27,39.38,634
kanana,kakaocorp/kanana-nano-2.1b-base,musik,28,40.52,655
kanana,kakaocorp/kanana-nano-2.1b-base,musik,29,40.49,679
kanana,kakaocorp/kanana-nano-2.1b-base,musik,30,41.07,700
kanana,kakaocorp/kanana-nano-2.1b-base,musik,31,41.65,724
kanana,kakaocorp/kanana-nano-2.1b-base,musik,32,41.8,745
llama,meta-llama/Llama-3.2-3B,musik,0,44.23,13
llama,meta-llama/Llama-3.2-3B,musik,1,44.48,23
llama,meta-llama/Llama-3.2-3B,musik,2,43.37,35
llama,meta-llama/Llama-3.2-3B,musik,3,42.11,48
llama,meta-llama/Llama-3.2-3B,musik,4,41.14,61
llama,meta-llama/Llama-3.2-3B,musik,5,40.66,74
llama,meta-llama/Llama-3.2-3B,musik,6,40.04,84
llama,meta-llama/Llama-3.2-3B,musik,7,39.34,97
llama,meta-llama/Llama-3.2-3B,musik,8,39.15,111
llama,meta-llama/Llama-3.2-3B,musik,9,38.99,124
llama,meta-llama/Llama-3.2-3B,musik,10,38.32,135
llama,meta-llama/Llama-3.2-3B,musik,11,37.68,146
llama,meta-llama/Llama-3.2-3B,musik,12,36.68,159
llama,meta-llama/Llama-3.2-3B,musik,13,36.49,172
llama,meta-llama/Llama-3.2-3B,musik,14,35.98,185
llama,meta-llama/Llama-3.2-3B,musik,15,35.82,194
llama,meta-llama/Llama-3.2-3B,musik,16,35.23,208
llama,meta-llama/Llama-3.2-3B,musik,17,35.9,220
llama,meta-llama/Llama-3.2-3B,musik,18,35.42,234
llama,meta-llama/Llama-3.2-3B,musik,19,35.67,245
llama,meta-llama/Llama-3.2-3B,musik,20,34.58,256
llama,meta-llama/Llama-3.2-3B,musik,21,35.1,269
llama,meta-llama/Llama-3.2-3B,musik,22,35.12,281
llama,meta-llama/Llama-3.2-3B,musik,23,35.0,294
llama,meta-llama/Llama-3.2-3B,musik,24,35.21,304
llama,meta-llama/Llama-3.2-3B,musik,25,35.06,317
llama,meta-llama/Llama-3.2-3B,musik,26,35.02,330
llama,meta-llama/Llama-3.2-3B,musik,27,34.96,342
llama,meta-llama/Llama-3.2-3B,musik,28,34.51,352
mistral,mistralai/Ministral-3-3B-Base-2512,musik,0,45.48,12
mistral,mistralai/Ministral-3-3B-Base-2512,musik,1,47.86,24
mistral,mistralai/Ministral-3-3B-Base-2512,musik,2,46.05,36
mistral,mistralai/Ministral-3-3B-Base-2512,musik,3,46.31,46
mistral,mistralai/Ministral-3-3B-Base-2512,musik,4,44.62,58
mistral,mistralai/Ministral-3-3B-Base-2512,musik,5,44.59,71
mistral,mistralai/Ministral-3-3B-Base-2512,musik,6,43.07,84
mistral,mistralai/Ministral-3-3B-Base-2512,musik,7,41.99,94
mistral,mistralai/Ministral-3-3B-Base-2512,musik,8,42.08,106
mistral,mistralai/Ministral-3-3B-Base-2512,musik,9,42.15,120
mistral,mistralai/Ministral-3-3B-Base-2512,musik,10,41.95,132
mistral,mistralai/Ministral-3-3B-Base-2512,musik,11,41.32,145
mistral,mistralai/Ministral-3-3B-Base-2512,musik,12,41.63,154
mistral,mistralai/Ministral-3-3B-Base-2512,musik,13,41.09,166
mistral,mistralai/Ministral-3-3B-Base-2512,musik,14,41.24,179
mistral,mistralai/Ministral-3-3B-Base-2512,musik,15,41.2,191
mistral,mistralai/Ministral-3-3B-Base-2512,musik,16,41.37,201
mistral,mistralai/Ministral-3-3B-Base-2512,musik,17,40.53,212
mistral,mistralai/Ministral-3-3B-Base-2512,musik,18,38.98,224
mistral,mistralai/Ministral-3-3B-Base-2512,musik,19,38.82,237
mistral,mistralai/Ministral-3-3B-Base-2512,musik,20,39.37,246
mistral,mistralai/Ministral-3-3B-Base-2512,musik,21,39.57,258
mistral,mistralai/Ministral-3-3B-Base-2512,musik,22,39.95,271
mistral,mistralai/Ministral-3-3B-Base-2512,musik,23,39.7,283
mistral,mistralai/Ministral-3-3B-Base-2512,musik,24,39.89,294
mistral,mistralai/Ministral-3-3B-Base-2512,musik,25,40.46,305
mistral,mistralai/Ministral-3-3B-Base-2512,musik,26,39.96,318
qwen,Qwen/Qwen2.5-3B,musik,0,45.3,11
qwen,Qwen/Qwen2.5-3B,musik,1,48.14,21
qwen,Qwen/Qwen2.5-3B,musik,2,47.41,32
qwen,Qwen/Qwen2.5-3B,musik,3,45.61,44
qwen,Qwen/Qwen2.5-3B,musik,4,44.52,53
qwen,Qwen/Qwen2.5-3B,musik,5,45.02,65
qwen,Qwen/Qwen2.5-3B,musik,6,46.72,78
qwen,Qwen/Qwen2.5-3B,musik,7,46.95,91
qwen,Qwen/Qwen2.5-3B,musik,8,47.41,100
qwen,Qwen/Qwen2.5-3B,musik,9,47.33,112
qwen,Qwen/Qwen2.5-3B,musik,10,46.91,124
qwen,Qwen/Qwen2.5-3B,musik,11,47.17,136
qwen,Qwen/Qwen2.5-3B,musik,12,45.43,145
qwen,Qwen/Qwen2.5-3B,musik,13,44.14,158
qwen,Qwen/Qwen2.5-3B,musik,14,43.79,171
qwen,Qwen/Qwen2.5-3B,musik,15,42.78,180
qwen,Qwen/Qwen2.5-3B,musik,16,41.17,192
qwen,Qwen/Qwen2.5-3B,musik,17,40.46,205
qwen,Qwen/Qwen2.5-3B,musik,18,40.53,217
qwen,Qwen/Qwen2.5-3B,musik,19,39.82,226
qwen,Qwen/Qwen2.5-3B,musik,20,40.17,239
qwen,Qwen/Qwen2.5-3B,musik,21,39.77,251
qwen,Qwen/Qwen2.5-3B,musik,22,39.86,262
qwen,Qwen/Qwen2.5-3B,musik,23,39.97,271
qwen,Qwen/Qwen2.5-3B,musik,24,39.32,283
qwen,Qwen/Qwen2.5-3B,musik,25,39.37,296
qwen,Qwen/Qwen2.5-3B,musik,26,38.32,304
qwen,Qwen/Qwen2.5-3B,musik,27,37.5,316
qwen,Qwen/Qwen2.5-3B,musik,28,37.61,328
qwen,Qwen/Qwen2.5-3B,musik,29,37.95,338
qwen,Qwen/Qwen2.5-3B,musik,30,38.34,349
qwen,Qwen/Qwen2.5-3B,musik,31,37.08,361
qwen,Qwen/Qwen2.5-3B,musik,32,37.02,373
qwen,Qwen/Qwen2.5-3B,musik,33,37.77,382
qwen,Qwen/Qwen2.5-3B,musik,34,36.54,394
qwen,Qwen/Qwen2.5-3B,musik,35,35.94,406
qwen,Qwen/Qwen2.5-3B,musik,36,35.57,415
sarvam,sarvamai/sarvam-1,musik,0,44.93,4
sarvam,sarvamai/sarvam-1,musik,1,44.77,12
sarvam,sarvamai/sarvam-1,musik,2,44.36,17
sarvam,sarvamai/sarvam-1,musik,3,42.85,24
sarvam,sarvamai/sarvam-1,musik,4,43.46,30
sarvam,sarvamai/sarvam-1,musik,5,41.4,35
sarvam,sarvamai/sarvam-1,musik,6,41.41,43
sarvam,sarvamai/sarvam-1,musik,7,42.7,48
sarvam,sarvamai/sarvam-1,musik,8,43.63,56
sarvam,sarvamai/sarvam-1,musik,9,43.2,61
sarvam,sarvamai/sarvam-1,musik,10,44.56,65
sarvam,sarvamai/sarvam-1,musik,11,44.32,74
sarvam,sarvamai/sarvam-1,musik,12,43.67,79
sarvam,sarvamai/sarvam-1,musik,13,42.97,87
sarvam,sarvamai/sarvam-1,musik,14,42.76,92
sarvam,sarvamai/sarvam-1,musik,15,41.85,100
sarvam,sarvamai/sarvam-1,musik,16,41.82,105
sarvam,sarvamai/sarvam-1,musik,17,40.62,111
sarvam,sarvamai/sarvam-1,musik,18,40.09,118
sarvam,sarvamai/sarvam-1,musik,19,40.41,122
sarvam,sarvamai/sarvam-1,musik,20,39.68,131
sarvam,sarvamai/sarvam-1,musik,21,38.75,135
sarvam,sarvamai/sarvam-1,musik,22,38.23,143
sarvam,sarvamai/sarvam-1,musik,23,37.36,148
sarvam,sarvamai/sarvam-1,musik,24,36.67,153
sarvam,sarvamai/sarvam-1,musik,25,36.35,161
sarvam,sarvamai/sarvam-1,musik,26,35.81,166
sarvam,sarvamai/sarvam-1,musik,27,35.56,174
sarvam,sarvamai/sarvam-1,musik,28,35.13,179
