model,model_id,domain,row_order,Region,Count,Avg_Error_Deg,Std_Error_Deg,MAE_Lat,MAE_Lon
croissantLLM,croissantllm/CroissantLLMBase,kuliner,1,Eastern Asia,8,5.86,3.02,3.38,4.83
croissantLLM,croissantllm/CroissantLLMBase,kuliner,2,Western Asia,16,6.22,2.99,3.44,5.14
croissantLLM,croissantllm/CroissantLLMBase,kuliner,3,Western Europe,10,6.66,2.86,3.74,6.62
croissantLLM,croissantllm/CroissantLLMBase,kuliner,4,Central America,7,6.7,3.3,2.82,6.06
croissantLLM,croissantllm/CroissantLLMBase,kuliner,5,Northern Africa,7,7.27,4.29,2.5,7.28
croissantLLM,croissantllm/CroissantLLMBase,kuliner,6,Southern Africa,5,7.57,6.32,4.97,6.18
croissantLLM,croissantllm/CroissantLLMBase,kuliner,7,Central Africa,8,7.61,2.96,4.02,5.62
croissantLLM,croissantllm/CroissantLLMBase,kuliner,8,Southern Europe,12,7.68,8.71,4.11,7.28
croissantLLM,croissantllm/CroissantLLMBase,kuliner,9,Eastern Europe,13,8.97,8.22,3.61,12.57
croissantLLM,croissantllm/CroissantLLMBase,kuliner,10,Northern Europe,11,9.31,4.93,5.1,12.81
croissantLLM,croissantllm/CroissantLLMBase,kuliner,11,Central Asia,5,10.25,3.84,5.89,9.82
croissantLLM,croissantllm/CroissantLLMBase,kuliner,12,Caribbean,15,10.31,6.46,3.41,9.6
croissantLLM,croissantllm/CroissantLLMBase,kuliner,13,Southern Asia,8,10.32,4.85,5.93,7.69
croissantLLM,croissantllm/CroissantLLMBase,kuliner,14,Western Africa,16,10.32,9.96,4.44,8.52
croissantLLM,croissantllm/CroissantLLMBase,kuliner,15,Eastern Africa,14,10.92,8.97,5.46,8.23
croissantLLM,croissantllm/CroissantLLMBase,kuliner,16,Southern America,12,13.56,12.23,7.25,10.83
croissantLLM,croissantllm/CroissantLLMBase,kuliner,17,Northern America,3,17.78,10.41,9.95,14.26
croissantLLM,croissantllm/CroissantLLMBase,kuliner,18,South Eastern Asia,11,18.32,16.17,8.51,14.67
croissantLLM,croissantllm/CroissantLLMBase,kuliner,19,Oceania,3,34.42,19.63,17.73,30.36
gemma,google/gemma-3-4b-pt,kuliner,1,Northern Africa,7,4.35,2.51,2.42,3.53
gemma,google/gemma-3-4b-pt,kuliner,2,Central America,7,4.37,2.76,2.74,3.16
gemma,google/gemma-3-4b-pt,kuliner,3,Central Africa,8,4.79,1.28,2.3,3.78
gemma,google/gemma-3-4b-pt,kuliner,4,Western Asia,16,5.99,3.97,4.55,4.04
gemma,google/gemma-3-4b-pt,kuliner,5,Northern Europe,11,6.3,4.83,3.62,9.46
gemma,google/gemma-3-4b-pt,kuliner,6,Western Africa,16,6.82,5.2,3.29,5.35
gemma,google/gemma-3-4b-pt,kuliner,7,Central Asia,5,7.27,3.49,6.5,3.24
gemma,google/gemma-3-4b-pt,kuliner,8,Southern Africa,5,8.37,6.46,7.72,2.9
gemma,google/gemma-3-4b-pt,kuliner,9,Western Europe,10,8.69,9.06,4.96,9.56
gemma,google/gemma-3-4b-pt,kuliner,10,Southern Europe,12,9.0,6.53,5.22,7.4
gemma,google/gemma-3-4b-pt,kuliner,11,Caribbean,15,9.28,6.18,4.08,8.06
gemma,google/gemma-3-4b-pt,kuliner,12,Eastern Africa,14,9.29,6.15,6.84,5.36
gemma,google/gemma-3-4b-pt,kuliner,13,Eastern Europe,13,9.34,8.53,4.31,12.56
gemma,google/gemma-3-4b-pt,kuliner,14,Southern Asia,8,9.67,2.69,6.75,6.6
gemma,google/gemma-3-4b-pt,kuliner,15,Eastern Asia,8,10.53,5.09,7.54,7.12
gemma,google/gemma-3-4b-pt,kuliner,16,Southern America,12,11.91,8.91,9.78,5.94
gemma,google/gemma-3-4b-pt,kuliner,17,South Eastern Asia,11,13.39,13.14,4.75,12.56
gemma,google/gemma-3-4b-pt,kuliner,18,Northern America,3,19.68,10.11,9.81,21.1
gemma,google/gemma-3-4b-pt,kuliner,19,Oceania,3,36.56,22.63,19.02,27.8
kanana,kakaocorp/kanana-nano-2.1b-base,kuliner,1,Central America,7,3.76,2.91,1.75,3.36
kanana,kakaocorp/kanana-nano-2.1b-base,kuliner,2,Central Africa,8,4.36,3.43,1.43,4.02
kanana,kakaocorp/kanana-nano-2.1b-base,kuliner,3,Western Africa,16,5.21,4.27,3.12,3.79
kanana,kakaocorp/kanana-nano-2.1b-base,kuliner,4,Western Asia,16,6.23,3.64,3.17,5.27
kanana,kakaocorp/kanana-nano-2.1b-base,kuliner,5,Northern Europe,11,6.7,2.84,3.73,8.38
kanana,kakaocorp/kanana-nano-2.1b-base,kuliner,6,Western Europe,10,7.68,4.28,5.43,6.71
kanana,kakaocorp/kanana-nano-2.1b-base,kuliner,7,Central Asia,5,7.87,5.04,7.29,2.95
kanana,kakaocorp/kanana-nano-2.1b-base,kuliner,8,Caribbean,15,7.92,7.03,3.25,6.72
kanana,kakaocorp/kanana-nano-2.1b-base,kuliner,9,Southern Europe,12,7.97,9.13,4.15,8.09
kanana,kakaocorp/kanana-nano-2.1b-base,kuliner,10,Northern Africa,7,8.22,3.32,3.04,7.96
kanana,kakaocorp/kanana-nano-2.1b-base,kuliner,11,Southern Asia,8,8.43,4.76,3.66,7.6
kanana,kakaocorp/kanana-nano-2.1b-base,kuliner,12,Eastern Europe,13,9.03,9.42,4.86,11.76
kanana,kakaocorp/kanana-nano-2.1b-base,kuliner,13,Eastern Asia,8,9.86,6.87,6.95,7.32
kanana,kakaocorp/kanana-nano-2.1b-base,kuliner,14,Southern Africa,5,10.35,6.45,6.73,7.28
kanana,kakaocorp/kanana-nano-2.1b-base,kuliner,15,Southern America,12,10.43,6.22,8.08,4.68
kanana,kakaocorp/kanana-nano-2.1b-base,kuliner,16,Eastern Africa,14,11.61,8.15,7.82,7.16
kanana,kakaocorp/kanana-nano-2.1b-base,kuliner,17,South Eastern Asia,11,14.61,11.09,10.1,9.02
kanana,kakaocorp/kanana-nano-2.1b-base,kuliner,18,Northern America,3,22.64,10.75,18.58,8.17
kanana,kakaocorp/kanana-nano-2.1b-base,kuliner,19,Oceania,3,39.99,17.55,20.81,37.78
llama,meta-llama/Llama-3.2-3B,kuliner,1,Central America,7,2.5,1.5,1.84,1.45
llama,meta-llama/Llama-3.2-3B,kuliner,2,Central Asia,5,3.55,1.99,2.91,1.87
llama,meta-llama/Llama-3.2-3B,kuliner,3,Central Africa,8,4.29,1.38,2.48,3.17
llama,meta-llama/Llama-3.2-3B,kuliner,4,Western Asia,16,5.46,3.64,3.83,3.64
llama,meta-llama/Llama-3.2-3B,kuliner,5,Northern Europe,11,5.7,2.65,3.09,7.79
llama,meta-llama/Llama-3.2-3B,kuliner,6,Eastern Asia,8,6.25,4.08,4.62,4.44
llama,meta-llama/Llama-3.2-3B,kuliner,7,Northern Africa,7,6.66,2.2,4.19,5.13
llama,meta-llama/Llama-3.2-3B,kuliner,8,Western Africa,16,6.96,6.24,3.3,5.89
llama,meta-llama/Llama-3.2-3B,kuliner,9,Eastern Africa,14,7.92,6.6,4.25,5.88
llama,meta-llama/Llama-3.2-3B,kuliner,10,Caribbean,15,8.49,5.04,2.73,7.72
llama,meta-llama/Llama-3.2-3B,kuliner,11,Eastern Europe,13,9.22,9.66,4.0,12.69
llama,meta-llama/Llama-3.2-3B,kuliner,12,Southern Europe,12,9.33,8.53,5.36,8.32
llama,meta-llama/Llama-3.2-3B,kuliner,13,Southern Africa,5,9.79,5.53,6.88,6.93
llama,meta-llama/Llama-3.2-3B,kuliner,14,Southern Asia,8,10.25,6.25,5.28,8.81
llama,meta-llama/Llama-3.2-3B,kuliner,15,Western Europe,10,10.91,6.02,5.62,12.64
llama,meta-llama/Llama-3.2-3B,kuliner,16,Southern America,12,11.36,12.75,8.89,6.1
llama,meta-llama/Llama-3.2-3B,kuliner,17,South Eastern Asia,11,12.67,12.19,7.05,9.03
llama,meta-llama/Llama-3.2-3B,kuliner,18,Northern America,3,24.14,15.41,16.95,25.19
llama,meta-llama/Llama-3.2-3B,kuliner,19,Oceania,3,50.94,18.13,17.93,51.16
mistral,mistralai/Ministral-3-3B-Base-2512,kuliner,1,Northern Europe,11,5.8,4.42,3.46,8.32
mistral,mistralai/Ministral-3-3B-Base-2512,kuliner,2,Northern Africa,7,5.99,2.17,4.15,4.45
mistral,mistralai/Ministral-3-3B-Base-2512,kuliner,3,Western Asia,16,6.37,3.36,3.4,5.54
mistral,mistralai/Ministral-3-3B-Base-2512,kuliner,4,Central Asia,5,6.58,3.05,3.1,7.39
mistral,mistralai/Ministral-3-3B-Base-2512,kuliner,5,Central Africa,8,7.14,8.95,2.0,6.48
mistral,mistralai/Ministral-3-3B-Base-2512,kuliner,6,Southern Africa,5,7.77,5.31,5.14,4.79
mistral,mistralai/Ministral-3-3B-Base-2512,kuliner,7,Central America,7,7.99,5.61,2.63,7.74
mistral,mistralai/Ministral-3-3B-Base-2512,kuliner,8,Southern Europe,12,8.1,8.91,5.54,6.17
mistral,mistralai/Ministral-3-3B-Base-2512,kuliner,9,Western Africa,16,8.58,5.39,4.08,7.14
mistral,mistralai/Ministral-3-3B-Base-2512,kuliner,10,Southern Asia,8,8.94,2.7,5.62,6.82
mistral,mistralai/Ministral-3-3B-Base-2512,kuliner,11,Eastern Africa,14,9.01,7.59,4.98,6.25
mistral,mistralai/Ministral-3-3B-Base-2512,kuliner,12,Western Europe,10,9.84,5.06,6.21,10.49
mistral,mistralai/Ministral-3-3B-Base-2512,kuliner,13,Eastern Europe,13,10.07,8.7,3.89,14.11
mistral,mistralai/Ministral-3-3B-Base-2512,kuliner,14,Eastern Asia,8,10.88,6.86,3.63,12.07
mistral,mistralai/Ministral-3-3B-Base-2512,kuliner,15,Caribbean,15,11.89,8.87,5.77,10.52
mistral,mistralai/Ministral-3-3B-Base-2512,kuliner,16,South Eastern Asia,11,12.76,10.26,5.34,9.92
mistral,mistralai/Ministral-3-3B-Base-2512,kuliner,17,Southern America,12,16.65,11.86,12.51,8.27
mistral,mistralai/Ministral-3-3B-Base-2512,kuliner,18,Northern America,3,19.0,3.04,10.41,20.57
mistral,mistralai/Ministral-3-3B-Base-2512,kuliner,19,Oceania,3,45.65,13.92,16.75,48.55
qwen,Qwen/Qwen2.5-3B,kuliner,1,Central America,7,3.54,1.19,2.22,2.45
qwen,Qwen/Qwen2.5-3B,kuliner,2,Central Africa,8,5.09,2.9,2.23,4.25
qwen,Qwen/Qwen2.5-3B,kuliner,3,Western Asia,16,5.77,3.7,3.76,4.54
qwen,Qwen/Qwen2.5-3B,kuliner,4,Central Asia,5,5.99,3.61,5.33,3.09
qwen,Qwen/Qwen2.5-3B,kuliner,5,Southern Africa,5,6.63,5.08,5.64,2.48
qwen,Qwen/Qwen2.5-3B,kuliner,6,Northern Africa,7,7.0,1.74,3.27,6.67
qwen,Qwen/Qwen2.5-3B,kuliner,7,Western Africa,16,7.06,4.15,2.02,6.55
qwen,Qwen/Qwen2.5-3B,kuliner,8,Eastern Asia,8,7.92,4.17,6.18,5.0
qwen,Qwen/Qwen2.5-3B,kuliner,9,Northern Europe,11,7.98,4.04,5.97,7.84
qwen,Qwen/Qwen2.5-3B,kuliner,10,Southern Europe,12,8.19,8.58,5.05,7.1
qwen,Qwen/Qwen2.5-3B,kuliner,11,Eastern Africa,14,8.57,6.48,5.82,5.91
qwen,Qwen/Qwen2.5-3B,kuliner,12,Caribbean,15,8.66,6.79,3.89,7.61
qwen,Qwen/Qwen2.5-3B,kuliner,13,Eastern Europe,13,9.06,7.69,4.9,10.85
qwen,Qwen/Qwen2.5-3B,kuliner,14,Western Europe,10,9.42,8.69,5.09,10.46
qwen,Qwen/Qwen2.5-3B,kuliner,15,Southern Asia,8,10.84,5.02,7.07,7.64
qwen,Qwen/Qwen2.5-3B,kuliner,16,South Eastern Asia,11,11.54,7.67,5.64,9.05
qwen,Qwen/Qwen2.5-3B,kuliner,17,Southern America,12,11.67,9.48,7.06,8.64
qwen,Qwen/Qwen2.5-3B,kuliner,18,Northern America,3,19.99,11.33,7.64,24.35
qwen,Qwen/Qwen2.5-3B,kuliner,19,Oceania,3,46.05,23.32,18.36,44.22
sarvam,sarvamai/sarvam-1,kuliner,1,Western Asia,16,5.26,2.88,2.98,4.0
sarvam,sarvamai/sarvam-1,kuliner,2,Central America,7,6.38,2.82,2.71,5.35
sarvam,sarvamai/sarvam-1,kuliner,3,Central Africa,8,6.74,3.9,4.37,4.48
sarvam,sarvamai/sarvam-1,kuliner,4,Western Europe,10,7.57,4.16,5.35,6.75
sarvam,sarvamai/sarvam-1,kuliner,5,Central Asia,5,7.95,2.05,4.98,7.32
sarvam,sarvamai/sarvam-1,kuliner,6,Southern Africa,5,8.19,6.91,5.87,5.53
sarvam,sarvamai/sarvam-1,kuliner,7,Caribbean,15,8.31,5.33,4.04,7.0
sarvam,sarvamai/sarvam-1,kuliner,8,Northern Africa,7,8.98,5.78,7.23,4.73
sarvam,sarvamai/sarvam-1,kuliner,9,Eastern Asia,8,9.21,6.26,5.97,8.29
sarvam,sarvamai/sarvam-1,kuliner,10,Eastern Africa,14,9.6,7.19,6.45,6.31
sarvam,sarvamai/sarvam-1,kuliner,11,Northern Europe,11,9.81,3.09,6.25,12.31
sarvam,sarvamai/sarvam-1,kuliner,12,Eastern Europe,13,10.0,8.63,5.51,12.05
sarvam,sarvamai/sarvam-1,kuliner,13,Southern Europe,12,11.61,9.89,6.16,9.87
sarvam,sarvamai/sarvam-1,kuliner,14,South Eastern Asia,11,11.85,9.53,5.58,9.72
sarvam,sarvamai/sarvam-1,kuliner,15,Southern Asia,8,11.96,6.09,7.06,8.3
sarvam,sarvamai/sarvam-1,kuliner,16,Western Africa,16,12.51,8.17,5.02,11.28
sarvam,sarvamai/sarvam-1,kuliner,17,Southern America,12,16.89,13.24,12.94,8.29
sarvam,sarvamai/sarvam-1,kuliner,18,Northern America,3,25.08,13.66,18.74,22.96
sarvam,sarvamai/sarvam-1,kuliner,19,Oceania,3,47.41,23.25,13.18,50.9
croissantLLM,croissantllm/CroissantLLMBase,musik,1,Northern Africa,7,5.82,4.39,2.77,5.05
croissantLLM,croissantllm/CroissantLLMBase,musik,2,Central Asia,5,6.34,3.04,2.68,7.67
croissantLLM,croissantllm/CroissantLLMBase,musik,3,Southern Asia,8,6.91,3.51,3.5,6.05
croissantLLM,croissantllm/CroissantLLMBase,musik,4,Western Asia,15,7.12,3.49,3.72,6.44
croissantLLM,croissantllm/CroissantLLMBase,musik,5,Central America,7,7.33,4.02,3.09,5.97
croissantLLM,croissantllm/CroissantLLMBase,musik,6,Central Africa,10,7.54,4.99,2.65,6.57
croissantLLM,croissantllm/CroissantLLMBase,musik,7,Southern Africa,5,7.7,6.45,6.92,3.16
croissantLLM,croissantllm/CroissantLLMBase,musik,8,Eastern Europe,13,7.98,8.38,3.26,10.64
croissantLLM,croissantllm/CroissantLLMBase,musik,9,Western Europe,10,8.77,4.95,4.42,9.75
croissantLLM,croissantllm/CroissantLLMBase,musik,10,Western Africa,15,9.29,6.82,5.33,7.12
croissantLLM,croissantllm/CroissantLLMBase,musik,11,Southern America,12,9.69,5.69,6.96,5.81
croissantLLM,croissantllm/CroissantLLMBase,musik,12,Northern Europe,9,9.88,6.98,7.38,11.86
croissantLLM,croissantllm/CroissantLLMBase,musik,13,Southern Europe,11,10.03,7.47,4.88,10.77
croissantLLM,croissantllm/CroissantLLMBase,musik,14,Eastern Africa,14,12.65,12.51,5.51,10.21
croissantLLM,croissantllm/CroissantLLMBase,musik,15,Eastern Asia,8,12.82,5.51,5.62,13.23
croissantLLM,croissantllm/CroissantLLMBase,musik,16,Caribbean,15,12.94,7.55,3.76,12.22
croissantLLM,croissantllm/CroissantLLMBase,musik,17,South Eastern Asia,11,14.81,8.01,6.58,11.47
croissantLLM,croissantllm/CroissantLLMBase,musik,18,Northern America,3,17.78,8.85,13.1,14.48
croissantLLM,croissantllm/CroissantLLMBase,musik,19,Oceania,3,37.5,10.95,15.9,39.32
gemma,google/gemma-3-4b-pt,musik,1,Central America,7,3.55,2.3,2.0,2.45
gemma,google/gemma-3-4b-pt,musik,2,Central Asia,5,4.79,2.46,4.17,2.84
gemma,google/gemma-3-4b-pt,musik,3,Western Africa,15,5.97,5.02,2.93,4.88
gemma,google/gemma-3-4b-pt,musik,4,Northern Africa,7,6.06,2.62,2.99,5.35
gemma,google/gemma-3-4b-pt,musik,5,Western Asia,15,6.06,3.97,3.58,4.92
gemma,google/gemma-3-4b-pt,musik,6,Western Europe,10,6.34,3.37,4.25,6.19
gemma,google/gemma-3-4b-pt,musik,7,Southern Africa,5,6.88,4.26,3.91,6.08
gemma,google/gemma-3-4b-pt,musik,8,Central Africa,10,7.26,6.15,2.73,6.33
gemma,google/gemma-3-4b-pt,musik,9,Eastern Europe,13,7.52,7.1,3.34,10.31
gemma,google/gemma-3-4b-pt,musik,10,Southern Asia,8,8.71,3.64,4.6,7.11
gemma,google/gemma-3-4b-pt,musik,11,Southern Europe,11,9.54,8.35,2.89,10.51
gemma,google/gemma-3-4b-pt,musik,12,Southern America,12,9.57,6.47,5.65,7.34
gemma,google/gemma-3-4b-pt,musik,13,Northern Europe,9,9.61,3.83,4.71,14.36
gemma,google/gemma-3-4b-pt,musik,14,Eastern Asia,8,9.7,7.59,5.1,8.62
gemma,google/gemma-3-4b-pt,musik,15,Eastern Africa,14,10.02,5.59,5.21,7.38
gemma,google/gemma-3-4b-pt,musik,16,South Eastern Asia,11,10.77,7.61,5.67,7.91
gemma,google/gemma-3-4b-pt,musik,17,Caribbean,15,11.22,6.98,3.06,10.98
gemma,google/gemma-3-4b-pt,musik,18,Northern America,3,18.21,8.76,12.83,9.45
gemma,google/gemma-3-4b-pt,musik,19,Oceania,3,60.05,21.7,13.84,67.14
kanana,kakaocorp/kanana-nano-2.1b-base,musik,1,Central America,7,3.64,2.16,2.42,2.32
kanana,kakaocorp/kanana-nano-2.1b-base,musik,2,Southern Asia,8,4.58,3.1,3.07,3.29
kanana,kakaocorp/kanana-nano-2.1b-base,musik,3,Central Asia,5,5.52,3.39,4.27,4.59
kanana,kakaocorp/kanana-nano-2.1b-base,musik,4,Northern Africa,7,5.75,3.07,2.43,5.57
kanana,kakaocorp/kanana-nano-2.1b-base,musik,5,Western Asia,15,6.26,2.34,3.52,5.51
kanana,kakaocorp/kanana-nano-2.1b-base,musik,6,Southern Africa,5,6.37,2.67,3.24,5.48
kanana,kakaocorp/kanana-nano-2.1b-base,musik,7,Western Africa,15,7.15,3.46,4.18,5.49
kanana,kakaocorp/kanana-nano-2.1b-base,musik,8,Northern Europe,9,7.65,4.8,5.22,10.29
kanana,kakaocorp/kanana-nano-2.1b-base,musik,9,Southern Europe,11,8.18,6.8,3.55,7.74
kanana,kakaocorp/kanana-nano-2.1b-base,musik,10,Southern America,12,8.25,4.82,4.42,6.51
kanana,kakaocorp/kanana-nano-2.1b-base,musik,11,Western Europe,10,9.02,4.57,4.91,9.82
kanana,kakaocorp/kanana-nano-2.1b-base,musik,12,Central Africa,10,9.13,4.97,3.71,8.25
kanana,kakaocorp/kanana-nano-2.1b-base,musik,13,Caribbean,15,9.2,5.04,3.7,8.3
kanana,kakaocorp/kanana-nano-2.1b-base,musik,14,Eastern Europe,13,10.95,11.6,4.68,15.39
kanana,kakaocorp/kanana-nano-2.1b-base,musik,15,Eastern Africa,14,11.69,8.44,6.96,8.55
kanana,kakaocorp/kanana-nano-2.1b-base,musik,16,South Eastern Asia,11,12.4,8.89,5.08,10.3
kanana,kakaocorp/kanana-nano-2.1b-base,musik,17,Eastern Asia,8,14.59,8.17,3.3,16.33
kanana,kakaocorp/kanana-nano-2.1b-base,musik,18,Northern America,3,22.03,10.46,14.04,20.96
kanana,kakaocorp/kanana-nano-2.1b-base,musik,19,Oceania,3,43.51,23.06,20.17,44.86
llama,meta-llama/Llama-3.2-3B,musik,1,Central America,7,4.25,1.52,1.84,3.7
llama,meta-llama/Llama-3.2-3B,musik,2,Western Asia,15,5.34,3.96,2.76,4.72
llama,meta-llama/Llama-3.2-3B,musik,3,Western Africa,15,5.61,3.76,2.83,4.58
llama,meta-llama/Llama-3.2-3B,musik,4,Western Europe,10,6.71,3.83,4.11,5.92
llama,meta-llama/Llama-3.2-3B,musik,5,Northern Africa,7,7.01,0.82,4.22,4.44
llama,meta-llama/Llama-3.2-3B,musik,6,Central Africa,10,7.93,5.66,2.64,7.13
llama,meta-llama/Llama-3.2-3B,musik,7,Northern Europe,9,8.03,6.29,5.46,9.92
llama,meta-llama/Llama-3.2-3B,musik,8,Caribbean,15,8.28,6.06,3.36,7.12
llama,meta-llama/Llama-3.2-3B,musik,9,Eastern Europe,13,8.36,7.78,2.64,12.98
llama,meta-llama/Llama-3.2-3B,musik,10,Southern Europe,11,8.65,5.33,5.67,7.08
llama,meta-llama/Llama-3.2-3B,musik,11,Southern Asia,8,8.77,3.24,4.03,7.7
llama,meta-llama/Llama-3.2-3B,musik,12,Eastern Africa,14,8.78,5.73,4.46,6.46
llama,meta-llama/Llama-3.2-3B,musik,13,Southern Africa,5,9.15,3.71,7.09,4.62
llama,meta-llama/Llama-3.2-3B,musik,14,Central Asia,5,9.31,3.23,8.34,4.37
llama,meta-llama/Llama-3.2-3B,musik,15,South Eastern Asia,11,9.68,5.13,5.68,7.51
llama,meta-llama/Llama-3.2-3B,musik,16,Southern America,12,9.93,7.86,7.2,5.48
llama,meta-llama/Llama-3.2-3B,musik,17,Eastern Asia,8,13.07,8.79,8.41,11.03
llama,meta-llama/Llama-3.2-3B,musik,18,Northern America,3,17.79,8.22,11.62,16.08
llama,meta-llama/Llama-3.2-3B,musik,19,Oceania,3,72.11,27.55,41.79,56.79
mistral,mistralai/Ministral-3-3B-Base-2512,musik,1,Central Asia,5,5.01,3.43,3.96,3.75
mistral,mistralai/Ministral-3-3B-Base-2512,musik,2,Northern Africa,7,5.54,1.22,2.81,5.26
mistral,mistralai/Ministral-3-3B-Base-2512,musik,3,Western Asia,15,5.65,3.29,3.63,4.49
mistral,mistralai/Ministral-3-3B-Base-2512,musik,4,Southern Africa,5,6.79,2.78,3.82,5.18
mistral,mistralai/Ministral-3-3B-Base-2512,musik,5,Central America,7,6.83,5.96,2.79,5.51
mistral,mistralai/Ministral-3-3B-Base-2512,musik,6,Southern Asia,8,7.34,2.53,5.68,4.36
mistral,mistralai/Ministral-3-3B-Base-2512,musik,7,Western Africa,15,8.1,4.74,3.38,7.24
mistral,mistralai/Ministral-3-3B-Base-2512,musik,8,Eastern Europe,13,8.22,6.52,2.73,12.02
mistral,mistralai/Ministral-3-3B-Base-2512,musik,9,Central Africa,10,9.05,9.81,5.0,6.42
mistral,mistralai/Ministral-3-3B-Base-2512,musik,10,Northern Europe,9,9.29,5.57,4.96,14.22
mistral,mistralai/Ministral-3-3B-Base-2512,musik,11,Southern Europe,11,9.87,8.68,6.11,9.33
mistral,mistralai/Ministral-3-3B-Base-2512,musik,12,Eastern Africa,14,10.15,7.99,5.87,7.3
mistral,mistralai/Ministral-3-3B-Base-2512,musik,13,Western Europe,10,10.41,5.13,4.46,12.11
mistral,mistralai/Ministral-3-3B-Base-2512,musik,14,Southern America,12,12.5,6.14,7.39,8.57
mistral,mistralai/Ministral-3-3B-Base-2512,musik,15,Eastern Asia,8,12.65,13.75,4.39,12.47
mistral,mistralai/Ministral-3-3B-Base-2512,musik,16,South Eastern Asia,11,16.07,13.29,6.17,13.67
mistral,mistralai/Ministral-3-3B-Base-2512,musik,17,Caribbean,15,16.29,12.98,4.19,15.86
mistral,mistralai/Ministral-3-3B-Base-2512,musik,18,Northern America,3,24.83,6.49,18.58,21.73
mistral,mistralai/Ministral-3-3B-Base-2512,musik,19,Oceania,3,57.01,19.1,8.5,66.64
qwen,Qwen/Qwen2.5-3B,musik,1,Central America,7,2.73,1.32,1.56,2.06
qwen,Qwen/Qwen2.5-3B,musik,2,Central Asia,5,4.11,1.74,2.9,3.14
qwen,Qwen/Qwen2.5-3B,musik,3,Western Asia,15,6.0,3.01,4.09,4.2
qwen,Qwen/Qwen2.5-3B,musik,4,Northern Africa,7,6.13,3.14,2.23,6.11
qwen,Qwen/Qwen2.5-3B,musik,5,Northern Europe,9,6.31,3.79,3.32,9.57
qwen,Qwen/Qwen2.5-3B,musik,6,Western Africa,15,6.97,5.11,2.62,6.43
qwen,Qwen/Qwen2.5-3B,musik,7,Southern Africa,5,7.2,2.24,3.91,6.12
qwen,Qwen/Qwen2.5-3B,musik,8,Southern Asia,8,7.22,3.67,4.11,5.16
qwen,Qwen/Qwen2.5-3B,musik,9,Western Europe,10,7.55,2.85,5.08,7.51
qwen,Qwen/Qwen2.5-3B,musik,10,Southern Europe,11,8.45,6.67,3.27,9.34
qwen,Qwen/Qwen2.5-3B,musik,11,Central Africa,10,8.48,6.96,3.32,7.5
qwen,Qwen/Qwen2.5-3B,musik,12,Southern America,12,9.06,7.08,6.87,3.86
qwen,Qwen/Qwen2.5-3B,musik,13,Eastern Africa,14,9.7,5.55,6.74,6.01
qwen,Qwen/Qwen2.5-3B,musik,14,Eastern Europe,13,9.94,8.25,5.71,12.0
qwen,Qwen/Qwen2.5-3B,musik,15,Caribbean,15,10.32,5.99,2.73,9.98
qwen,Qwen/Qwen2.5-3B,musik,16,Eastern Asia,8,12.3,7.0,3.8,13.41
qwen,Qwen/Qwen2.5-3B,musik,17,Northern America,3,14.15,5.62,10.08,13.1
qwen,Qwen/Qwen2.5-3B,musik,18,South Eastern Asia,11,14.44,10.26,7.43,9.69
qwen,Qwen/Qwen2.5-3B,musik,19,Oceania,3,66.81,20.38,18.98,70.65
sarvam,sarvamai/sarvam-1,musik,1,Western Asia,15,5.49,3.36,3.14,4.36
sarvam,sarvamai/sarvam-1,musik,2,Central Africa,10,6.38,4.37,3.81,4.67
sarvam,sarvamai/sarvam-1,musik,3,Central Asia,5,6.46,2.47,4.15,6.64
sarvam,sarvamai/sarvam-1,musik,4,Central America,7,6.78,2.39,5.48,3.3
sarvam,sarvamai/sarvam-1,musik,5,Western Europe,10,7.5,3.69,5.59,6.23
sarvam,sarvamai/sarvam-1,musik,6,Northern Africa,7,7.72,3.53,4.56,6.38
sarvam,sarvamai/sarvam-1,musik,7,Northern Europe,9,8.04,3.44,4.59,12.57
sarvam,sarvamai/sarvam-1,musik,8,Caribbean,15,8.27,3.86,4.25,6.4
sarvam,sarvamai/sarvam-1,musik,9,Southern Asia,8,8.35,3.73,3.43,7.77
sarvam,sarvamai/sarvam-1,musik,10,Eastern Europe,13,9.16,8.21,3.95,11.74
sarvam,sarvamai/sarvam-1,musik,11,Western Africa,15,9.96,6.48,4.16,8.57
sarvam,sarvamai/sarvam-1,musik,12,Eastern Asia,8,9.97,6.2,5.79,9.45
sarvam,sarvamai/sarvam-1,musik,13,Eastern Africa,14,10.26,8.03,6.12,7.15
sarvam,sarvamai/sarvam-1,musik,14,Southern Africa,5,10.48,2.95,5.07,9.37
sarvam,sarvamai/sarvam-1,musik,15,Southern Europe,11,11.23,7.37,6.21,9.9
sarvam,sarvamai/sarvam-1,musik,16,Southern America,12,12.16,8.27,9.45,6.18
sarvam,sarvamai/sarvam-1,musik,17,South Eastern Asia,11,13.24,9.41,5.04,11.29
sarvam,sarvamai/sarvam-1,musik,18,Northern America,3,19.69,8.31,17.29,12.94
sarvam,sarvamai/sarvam-1,musik,19,Oceania,3,49.58,24.83,18.07,46.79
